tr|A0A250X9Q3|A0A250X9Q3_9CHLO	Cre10.g453350.t1.2	32.1	474	154	12	33	349	22	484	7.11e-55	195
tr|A0A835WLJ1|A0A835WLJ1_9CHLO	Cre10.g449850.t1.1	63.7	1430	378	20	2	1325	17	1411	2.78e-311	914
tr|A0A835YH13|A0A835YH13_9CHLO	Cre08.g358600.t1.1	45.4	458	128	14	7	354	31	476	1.05e-69	225
tr|A0A835Y1G5|A0A835Y1G5_9CHLO	Cre07.g338950.t1.2	79.6	54	10	1	982	1035	1163	1215	5.49e-12	71.6
tr|A0A7S0R3Y7|A0A7S0R3Y7_9CHLO	Cre09.g403800.t1.2	81.6	1667	303	2	1	1664	2902	4567	0.0	2685
tr|A0A7R9YYB3|A0A7R9YYB3_9CHLO	Cre06.g291550.t1.2	44.4	144	78	2	17	158	12	155	1.89e-24	99.8
tr|A0A836C3U6|A0A836C3U6_9CHLO	Cre09.g407700.t1.2	32.5	252	134	11	307	554	143	362	2.38e-25	111
tr|A0A835YD45|A0A835YD45_9CHLO	Cre12.g532350.t1.1	35.0	4979	2042	125	43	4225	53	4602	0.0	1459
tr|A0A2J7ZVB9|A0A2J7ZVB9_9CHLO	Cre14.g623439.t1.1	44.3	228	100	6	118	318	1	228	3.26e-44	159
tr|A0A835TDS7|A0A835TDS7_9CHLO	Cre08.g363150.t1.2	79.5	1743	323	13	48	1784	28	1741	0.0	2742
tr|D8TZ35|D8TZ35_VOLCA	Cre03.g165850.t1.2	51.3	398	127	5	268	599	297	693	2.21e-107	338
tr|A0A150GCK9|A0A150GCK9_GONPE	Cre14.g625050.t1.1	59.6	171	64	2	210	378	1024	1191	2.94e-58	206
tr|A0A250X3Y5|A0A250X3Y5_9CHLO	Cre16.g672200.t1.1	39.8	274	143	6	2759	3027	4800	5056	1.27e-38	160
tr|A0A150GB40|A0A150GB40_GONPE	Cre10.g457400.t1.1	26.5	2960	874	41	3	1665	284	3237	3.95e-232	754
tr|A0A2K3DST0|A0A2K3DST0_CHLRE	Cre05.g236183.t1.1	100	529	0	0	1	529	1	529	8.64e-273	752
tr|A0A835XH72|A0A835XH72_9CHLO	Cre06.g257600.t2.1	47.9	1699	589	27	6	1507	1	1600	5.39e-254	789
tr|A0A835WAP5|A0A835WAP5_CHLIN	Cre13.g568176.t1.1	67.2	125	39	2	5	127	5	129	1.31e-35	145
tr|A0A250WWQ3|A0A250WWQ3_9CHLO	Cre15.g634701.t1.1	33.3	828	291	16	1513	2178	1995	2723	3.01e-86	316
tr|A0A835TG42|A0A835TG42_CHLIN	Cre03.g169850.t1.2	94.4	798	44	1	1	797	64	861	0.0	1418
tr|A0A835WE51|A0A835WE51_CHLIN	Cre08.g366950.t1.2	54.2	1170	401	30	1	1099	14	1119	1.83e-263	773
tr|A0A2K3E583|A0A2K3E583_CHLRE	Cre01.g008250.t1.2	100	1127	0	0	1	1127	1	1127	0.0	998
tr|A0A835T6V9|A0A835T6V9_9CHLO	Cre03.g197450.t1.1	50.7	3248	1204	73	9	2970	5	3142	0.0	1983
tr|A0A835YHW2|A0A835YHW2_9CHLO	Cre13.g605850.t1.1	29.3	2534	1222	84	501	2676	790	3111	9.45e-155	542
tr|A0A2J7ZSA6|A0A2J7ZSA6_9CHLO	Cre01.g039500.t1.2	40.5	934	430	20	348	1201	20	907	1.28e-172	566
tr|A0A1W5IVS0|A0A1W5IVS0_9CHLO	Cre17.g709800.t1.2	63.2	133	46	1	307	439	229	358	3.92e-42	162
tr|A0A150G407|A0A150G407_GONPE	Cre12.g558800.t1.1	69.2	91	28	0	405	495	672	762	6.77e-24	108
tr|A0A835T3N4|A0A835T3N4_CHLIN	Cre17.g704850.t1.2	96.7	181	6	0	1	181	1	181	1.86e-123	345
tr|A0A150G0I4|A0A150G0I4_GONPE	Cre04.g217200.t1.1	47.4	352	125	9	66	395	141	454	3.09e-17	85.5
tr|A0A250XI57|A0A250XI57_9CHLO	Cre08.g385500.t1.2	36.9	452	187	12	88	529	1	364	6.81e-91	287
tr|A0A835SRK4|A0A835SRK4_CHLIN	Cre01.g050900.t1.1	77.8	126	28	0	18	143	175	300	3.22e-67	205
tr|A0A7S0S2T8|A0A7S0S2T8_9CHLO	Cre02.g088750.t1.2	42.7	973	402	15	1	924	4039	4904	5.54e-209	662
tr|D8UC66|D8UC66_VOLCA	Cre03.g144144.t2.1	72.5	269	63	2	14	281	19	277	4.22e-122	364
tr|A0A7S0RNC3|A0A7S0RNC3_9CHLO	Cre07.g326150.t1.1	66.7	105	32	1	46	150	34	135	6.83e-43	165
tr|A0A6U2CS55|A0A6U2CS55_9CHLO	Cre12.g529651.t1.1	81.3	193	36	0	80	272	1	193	2.90e-105	303
tr|A0A699ZEB2|A0A699ZEB2_HAELA	Cre01.g040379.t1.2	50.7	215	77	3	1	199	658	859	9.92e-55	187
tr|A0A7S3QMJ2|A0A7S3QMJ2_DUNTE	Cre08.g379450.t1.1	38.1	1498	511	37	12	1252	13	1350	7.19e-272	814
tr|A0A835VQW0|A0A835VQW0_9CHLO	Cre15.g639500.t1.2	43.6	195	77	4	31	192	12	206	7.23e-30	127
tr|D8U574|D8U574_VOLCA	Cre01.g007811.t1.1	49.0	651	243	12	58	649	76	696	8.64e-163	505
tr|A0A150GE55|A0A150GE55_GONPE	Cre12.g500550.t1.2	45.1	658	277	13	80	691	206	825	1.56e-131	409
tr|A0A7S3VPE2|A0A7S3VPE2_DUNTE	Cre01.g010880.t1.1	47.8	786	251	7	55	836	158	788	9.97e-244	706
tr|A0A7S0YIX0|A0A7S0YIX0_9CHLO	Cre14.g619550.t1.2	69.7	251	74	2	1	251	1	249	5.41e-127	360
tr|A0A835XSY1|A0A835XSY1_9CHLO	Cre09.g409951.t1.1	68.2	151	48	0	2	152	119	269	4.14e-60	208
tr|A0A7S0RMM1|A0A7S0RMM1_9CHLO	Cre14.g610050.t1.2	43.7	883	318	18	9	722	41	913	2.79e-178	535
tr|A0A7S3VTY4|A0A7S3VTY4_DUNTE	Cre06.g301100.t1.1	33.6	453	235	10	184	633	112	501	3.47e-44	169
tr|A0A835WFP8|A0A835WFP8_9CHLO	Cre02.g088750.t1.2	88.3	5005	453	30	1	4974	1	4904	0.0	7097
tr|A0A150FUH5|A0A150FUH5_GONPE	Cre08.g365750.t1.1	33.5	412	201	15	47	406	23	413	5.98e-43	158
tr|A0A835SR16|A0A835SR16_CHLIN	Cre09.g398850.t1.2	69.0	481	101	5	4	464	95	547	3.01e-168	484
tr|A0A2K3DH75|A0A2K3DH75_CHLRE	Cre08.g370150.t1.1	100	2157	0	0	1	2157	1	2157	0.0	2692
tr|A0A7S0S5U3|A0A7S0S5U3_9CHLO	Cre17.g728100.t1.2	45.7	394	203	4	81	467	37	426	6.37e-109	332
tr|A0A835WI66|A0A835WI66_9CHLO	Cre14.g628900.t1.2	60.6	851	228	18	44	877	2	762	4.57e-160	486
tr|D8TGY0|D8TGY0_VOLCA	Cre14.g627000.t1.1	32.0	334	136	8	731	1003	720	1023	3.10e-18	90.5
tr|A0A7S0WPN7|A0A7S0WPN7_9CHLO	Cre06.g251650.t1.1	58.7	837	303	12	1	827	1	804	1.58e-312	876
tr|A0A150FVP1|A0A150FVP1_GONPE	Cre01.g012200.t2.1	33.9	995	426	22	13	816	56	1009	2.94e-88	313
tr|A0A2K3DAC3|A0A2K3DAC3_CHLRE	Cre10.g438600.t1.2	100	62	0	0	1	62	1	62	2.83e-35	113
tr|A0A836B808|A0A836B808_9CHLO	Cre07.g319300.t1.1	92.7	1527	103	5	1	1523	1	1522	0.0	2793
tr|A0A2J7ZWW2|A0A2J7ZWW2_9CHLO	Cre02.g084200.t1.2	60.4	144	55	2	1	143	107	249	3.74e-53	169
tr|A0A835SYX9|A0A835SYX9_CHLIN	Cre09.g395850.t1.2	72.9	739	170	9	1	724	1	724	1.54e-224	645
tr|A0A2K3E434|A0A2K3E434_CHLRE	Cre02.g142351.t1.1	100	858	0	0	1	858	1	858	0.0	1539
tr|A0A250XAI7|A0A250XAI7_9CHLO	Cre07.g354650.t1.2	28.7	568	318	18	23	527	1	544	1.86e-37	156
tr|A0A835TCJ4|A0A835TCJ4_CHLIN	Cre03.g166850.t1.1	71.6	2264	435	26	1011	3095	15	2250	0.0	2288
tr|A0A2K3DJS2|A0A2K3DJS2_CHLRE	Cre07.g329250.t1.1	100	1013	0	0	1	1013	1	1013	0.0	1598
tr|A0A2K3DYX1|A0A2K3DYX1_CHLRE	Cre03.g207750.t1.1	100	5140	0	0	1	5140	1	5140	0.0	8879
tr|A0A835SJ37|A0A835SJ37_CHLIN	Cre08.g377750.t1.1	52.4	1577	523	40	7	1400	32	1563	1.08e-171	554
tr|A0A835Y577|A0A835Y577_9CHLO	Cre03.g144124.t1.1	45.3	686	243	12	225	798	130	795	2.42e-103	336
tr|A0A835T040|A0A835T040_CHLIN	Cre02.g104650.t2.1	72.9	1212	291	9	1	1203	1	1184	0.0	1139
tr|D8UEZ8|D8UEZ8_VOLCA	Cre09.g392800.t1.1	61.8	89	34	0	8	96	91	179	8.52e-20	94.4
tr|A0A2K3DIB3|A0A2K3DIB3_CHLRE	Cre08.g384390.t1.1	100	3491	0	0	1	3491	1	3491	0.0	3796
tr|A8JDN4|A8JDN4_CHLRE	Cre12.g494750.t1.2	100	166	0	0	1	166	1	166	1.75e-107	303
tr|A0A150G2W1|A0A150G2W1_GONPE	Cre01.g032850.t1.1	37.0	819	360	23	557	1327	842	1552	2.93e-85	306
tr|A0A835XUN6|A0A835XUN6_9CHLO	Cre06.g251750.t1.2	77.7	202	43	2	1	201	1	201	7.36e-107	305
tr|A0A6A0AK22|A0A6A0AK22_HAELA	Cre16.g682350.t2.1	55.0	131	55	2	49	175	52	182	8.50e-46	157
tr|A0A2J8AEA7|A0A2J8AEA7_9CHLO	Cre09.g400738.t1.1	64.7	249	70	6	236	470	31	275	2.00e-101	306
tr|A0A836BDD8|A0A836BDD8_9CHLO	Cre03.g161363.t1.2	50.1	818	319	13	1	782	124	888	1.18e-144	447
tr|A0A7R9YQZ1|A0A7R9YQZ1_9CHLO	Cre14.g609400.t1.1	56.6	226	95	3	73	295	148	373	6.07e-88	267
tr|D8TTF4|D8TTF4_VOLCA	Cre17.g704950.t1.1	45.6	2974	1176	51	80	2857	32	2758	0.0	1701
tr|D8UFI3|D8UFI3_VOLCA	Cre16.g669950.t1.2	76.6	201	47	0	25	225	22	222	1.55e-106	306
tr|A0A2K3CXZ5|A0A2K3CXZ5_CHLRE	Cre14.g619854.t1.2	100	1020	0	0	1	1020	1	1020	0.0	1729
tr|A0A150GTX6|A0A150GTX6_GONPE	Cre12.g545101.t1.1	80.7	1405	172	9	1	1315	1	1396	0.0	2170
tr|A0A835TIV9|A0A835TIV9_CHLIN	Cre06.g264150.t1.1	65.4	2485	632	54	232	2556	314	2729	0.0	1897
tr|A0A835WIM6|A0A835WIM6_9CHLO	Cre03.g182100.t1.1	66.6	646	143	10	1	628	1	591	4.27e-240	676
tr|A0A835TES8|A0A835TES8_9CHLO	Cre11.g467565.t1.1	49.3	1379	496	44	1	1316	1	1239	5.35e-116	395
tr|A0A835WDG1|A0A835WDG1_9CHLO	Cre06.g271900.t1.2	80.3	229	30	6	1	222	1	221	7.29e-111	317
tr|A0A835SJU9|A0A835SJU9_CHLIN	Cre06.g309650.t2.1	73.4	3364	825	31	341	3664	86	3419	0.0	3365
tr|A0A345K516|A0A345K516_9CHLO	Cre06.g259150.t1.2	60.6	411	141	2	8	418	55	444	4.76e-173	491
tr|A0A835XZ22|A0A835XZ22_9CHLO	Cre10.g464950.t1.1	52.3	1228	430	16	331	1469	375	1535	1.51e-271	820
tr|A0A835STC1|A0A835STC1_CHLIN	Cre10.g434850.t1.1	60.0	2997	954	54	1	2878	1	2870	0.0	1573
tr|A0A150GKZ9|A0A150GKZ9_GONPE	Cre09.g394750.t1.2	68.8	333	98	4	1	332	109	436	7.80e-159	451
tr|A0A7R9VP35|A0A7R9VP35_9CHLO	Cre13.g568050.t1.1	46.8	111	55	3	153	259	214	324	3.35e-18	84.3
tr|A0A150GV45|A0A150GV45_GONPE	Cre07.g352800.t1.2	49.2	1400	308	16	8	1049	25	1379	0.0	1030
tr|A0A836BNZ9|A0A836BNZ9_9CHLO	Cre09.g394700.t1.1	51.0	584	201	9	496	1006	499	1070	2.87e-146	463
tr|D8UEC6|D8UEC6_VOLCA	Cre07.g357700.t1.1	39.9	464	188	8	34	454	94	509	1.79e-90	285
tr|D8TQ30|D8TQ30_VOLCA	Cre01.g055453.t1.1	71.3	495	128	7	1	485	1	491	2.16e-229	639
tr|A0A835W2P8|A0A835W2P8_9CHLO	Cre12.g542200.t1.1	55.8	190	67	5	73	254	1	181	9.06e-52	169
tr|D8TWG4|D8TWG4_VOLCA	Cre16.g663350.t1.2	49.3	568	135	10	26	568	25	464	7.12e-135	405
tr|A0A2J7ZXP0|A0A2J7ZXP0_9CHLO	Cre01.g021450.t2.1	58.0	1171	245	13	694	1653	1	1135	0.0	1028
tr|A0A835Y010|A0A835Y010_9CHLO	Cre02.g106250.t1.2	68.6	328	84	7	11	338	13	321	4.05e-118	379
tr|A0A835WB55|A0A835WB55_9CHLO	Cre03.g203350.t1.1	37.1	1258	637	36	1583	2765	43	1221	4.70e-157	523
tr|A0A699Z940|A0A699Z940_HAELA	Cre03.g155001.t1.1	67.5	375	121	1	1	374	492	866	1.34e-191	558
tr|A0A7S0YFV0|A0A7S0YFV0_9CHLO	Cre02.g112250.t1.2	46.8	496	201	7	1	483	1	446	4.21e-161	464
tr|A0A7R9VFK8|A0A7R9VFK8_9CHLO	Cre16.g652150.t1.2	58.8	403	119	4	28	389	51	447	4.29e-154	461
tr|A0A835VY86|A0A835VY86_CHLIN	Cre12.g539650.t1.1	64.5	4481	1181	68	3178	7391	60	4380	0.0	3091
tr|A0A2K3CUA0|A0A2K3CUA0_CHLRE	Cre16.g670300.t1.2	100	801	0	0	1	801	1	801	0.0	1299
tr|A0A2K3DLK9|A0A2K3DLK9_CHLRE	Cre07.g354700.t1.1	100	409	0	0	1	409	1	409	5.24e-285	773
tr|A0A835W2V9|A0A835W2V9_CHLIN	Cre02.g085701.t1.1	60.4	977	306	21	1	932	1	941	5.11e-195	598
tr|A0A699ZH94|A0A699ZH94_HAELA	Cre14.g628000.t1.2	78.7	61	13	0	167	227	150	210	7.55e-29	113
tr|A0A835XL96|A0A835XL96_9CHLO	Cre09.g389089.t1.2	66.3	359	80	3	5	354	3	329	8.83e-167	468
tr|A0A150G279|A0A150G279_GONPE	Cre08.g358554.t1.1	52.1	311	67	7	1	241	35	333	2.24e-60	201
tr|A0A835T975|A0A835T975_9CHLO	Cre06.g308000.t1.2	82.1	2044	282	22	1	2015	1	1989	0.0	2670
tr|A0A250WTU7|A0A250WTU7_9CHLO	Cre16.g668750.t1.1	42.4	314	157	3	25	328	165	464	5.32e-58	223
tr|A0A2J7ZMF7|A0A2J7ZMF7_9CHLO	Cre14.g610550.t1.1	38.9	615	256	25	979	1518	36	605	2.47e-69	246
tr|A0A699Z9Y1|A0A699Z9Y1_HAELA	Cre16.g683250.t1.2	57.9	57	24	0	13	69	65	121	3.65e-21	82.0
tr|A0A7S0S435|A0A7S0S435_9CHLO	Cre03.g168500.t1.2	52.4	126	54	2	7	131	8	128	1.88e-29	110
tr|A0A836B9T4|A0A836B9T4_9CHLO	Cre16.g654800.t1.1	69.8	3541	845	43	1	3465	1	3392	0.0	3206
tr|A0A2K3DQ20|A0A2K3DQ20_CHLRE	Cre06.g285100.t1.1	100	1091	0	0	1	1091	1	1091	0.0	1530
tr|A0A250X5N1|A0A250X5N1_9CHLO	Cre07.g332700.t1.1	37.3	241	121	2	28	238	76	316	2.20e-41	162
tr|A0A7S0RM22|A0A7S0RM22_9CHLO	Cre13.g584901.t1.1	44.1	143	59	3	2	125	207	347	1.85e-29	111
tr|A0A835SZ11|A0A835SZ11_CHLIN	Cre16.g676400.t1.2	83.3	1432	214	10	1	1414	1	1425	0.0	1674
tr|A0A835WMK5|A0A835WMK5_9CHLO	Cre03.g174100.t1.1	49.7	4625	1731	122	2	4367	581	4863	0.0	2644
tr|A0A835XQ81|A0A835XQ81_9CHLO	Cre05.g233100.t1.2	53.2	1117	435	24	1	1067	1	1079	2.22e-303	872
tr|A0A7S0WMA9|A0A7S0WMA9_9CHLO	Cre04.g212200.t2.1	33.8	148	93	4	62	208	34	177	3.90e-19	84.7
tr|A0A835TPX6|A0A835TPX6_CHLIN	Cre16.g663800.t1.2	95.2	353	17	0	2	354	45	397	3.06e-246	672
tr|A0A150GYQ4|A0A150GYQ4_GONPE	Cre01.g048950.t1.2	88.7	520	51	3	1	518	1	514	6.90e-319	867
tr|A0A150FX86|A0A150FX86_GONPE	Cre06.g309750.t1.2	42.5	859	243	22	1	655	1	812	8.35e-126	416
tr|A0A835T7L9|A0A835T7L9_CHLIN	Cre03.g160000.t2.1	76.8	1774	335	25	1	1756	1	1715	0.0	2018
tr|A0A836B760|A0A836B760_9CHLO	Cre10.g456350.t1.2	77.6	1560	296	17	1	1547	1	1520	0.0	1946
tr|A0A7S3R9P1|A0A7S3R9P1_DUNTE	Cre15.g636300.t1.2	61.3	271	92	5	3	267	13	276	4.66e-108	314
tr|A0A2K3D4B0|A0A2K3D4B0_CHLRE	Cre12.g524450.t1.1	100	396	0	0	1	396	1	396	7.43e-267	726
tr|A0A836B758|A0A836B758_9CHLO	Cre10.g450400.t1.2	95.7	282	12	0	1	282	1	282	2.19e-197	540
tr|A0A150G3T9|A0A150G3T9_GONPE	Cre02.g106100.t1.2	49.3	683	165	8	17	540	217	877	1.99e-149	492
tr|A0A150G2Y3|A0A150G2Y3_GONPE	Cre01.g031951.t1.1	60.8	74	24	2	575	643	2612	2685	6.65e-15	79.0
tr|A0A699ZQG0|A0A699ZQG0_HAELA	Cre16.g690000.t1.2	67.6	34	11	0	23	56	209	242	2.30e-11	58.2
tr|A0A835Y5Y4|A0A835Y5Y4_9CHLO	Cre10.g464750.t1.2	45.4	293	105	3	386	674	1	242	1.06e-54	188
tr|A0A2K3D5X3|A0A2K3D5X3_CHLRE	Cre12.g554400.t1.1	100	358	0	0	1	358	1	358	6.61e-244	664
tr|A0A150GXF6|A0A150GXF6_GONPE	Cre09.g390319.t1.1	65.1	2439	549	34	1	2219	1	2357	0.0	2526
tr|A0A250X095|A0A250X095_9CHLO	Cre06.g278116.t1.1	54.3	429	165	7	55	452	48	476	1.32e-140	411
tr|A0A6A0AES6|A0A6A0AES6_HAELA	Cre02.g117950.t1.1	56.3	144	63	0	2	145	127	270	5.22e-50	176
tr|A0A835Y2D3|A0A835Y2D3_9CHLO	Cre01.g046324.t1.1	43.5	1172	464	18	1	1047	1	1099	3.02e-214	671
sp|A8IQE0|CCD39_CHLRE	Cre17.g701250.t1.2	96.6	925	0	2	1	894	1	925	0.0	1494
tr|A0A699YJ22|A0A699YJ22_HAELA	Cre12.g497000.t1.2	48.2	438	191	5	1	404	282	717	6.40e-121	377
tr|A0A835XRL0|A0A835XRL0_9CHLO	Cre09.g402330.t1.1	36.0	1774	742	41	74	1498	244	1973	1.92e-140	476
tr|A0A250XEE9|A0A250XEE9_9CHLO	Cre13.g602950.t1.1	33.0	667	239	8	376	963	262	799	4.54e-78	279
tr|Q6PLP9|Q6PLP9_CHLRE	Cre06.g253300.t1.2	98.8	331	4	0	1	331	1	331	7.64e-234	637
tr|A8HXE1|A8HXE1_CHLRE	Cre06.g261450.t1.2	100	131	0	0	1	131	1	131	2.49e-67	203
tr|A0A835SQ00|A0A835SQ00_CHLIN	Cre14.g628600.t1.1	60.3	2845	757	47	72	2759	110	2738	0.0	1888
tr|A0A835T7X8|A0A835T7X8_CHLIN	Cre10.g457331.t1.1	70.4	3190	827	42	74	3206	1	3130	0.0	3656
tr|A0A836C2C7|A0A836C2C7_9CHLO	Cre07.g354250.t1.2	70.8	466	103	3	4	437	3	467	5.06e-222	621
tr|A0A2J8AGW4|A0A2J8AGW4_9CHLO	Cre12.g543303.t3.1	62.4	524	179	8	3	518	2	515	2.44e-110	365
tr|A0A2K3DSM2|A0A2K3DSM2_CHLRE	Cre05.g234645.t1.1	100	3208	0	0	1	3208	1	3208	0.0	3731
tr|B2X2C0|B2X2C0_CHLMO	Cre03.g165750.t1.1	32.7	306	180	4	1871	2152	256	559	3.76e-31	134
tr|A0A2K3DZD6|A0A2K3DZD6_CHLRE	Cre03.g201000.t1.1	100	1311	0	0	1	1311	1	1311	0.0	2251
tr|A0A7R9VB52|A0A7R9VB52_9CHLO	Cre06.g296150.t1.2	46.2	199	79	4	11	202	495	672	3.42e-40	147
tr|A0A250X241|A0A250X241_9CHLO	Cre07.g352900.t1.1	31.6	493	247	15	1	427	1	469	1.03e-41	169
tr|A0A2K3DTQ0|A0A2K3DTQ0_CHLRE	Cre04.g215550.t1.2	100	405	0	0	1	405	1	405	1.99e-271	738
tr|A0A7S0S6A3|A0A7S0S6A3_9CHLO	Cre17.g720350.t1.1	69.0	145	42	3	68	209	64	208	1.11e-65	201
tr|A0A835WCG8|A0A835WCG8_CHLIN	Cre01.g036600.t1.2	77.0	610	98	6	5	585	3	599	2.14e-300	835
tr|D8TMK9|D8TMK9_VOLCA	Cre09.g393551.t1.1	70.5	44	13	0	187	230	375	418	1.95e-13	74.7
tr|A0A836BPY0|A0A836BPY0_9CHLO	Cre13.g579734.t1.1	74.3	809	192	9	1	795	96	902	0.0	1153
sp|A8IH47|CFA91_CHLRE	Cre07.g330700.t1.2	100	866	0	0	1	866	1	866	0.0	1363
tr|A0A2K3D4I9|A0A2K3D4I9_CHLRE	Cre12.g526883.t1.1	100	1526	0	0	1	1526	1	1526	0.0	2395
tr|A0A7S3R6F9|A0A7S3R6F9_DUNTE	Cre12.g558250.t1.1	31.0	869	445	13	45	865	26	787	2.52e-97	347
tr|A0A7S0RPR0|A0A7S0RPR0_9CHLO	Cre01.g025400.t1.2	64.1	195	70	0	2	196	4554	4748	3.62e-75	246
tr|A0A2J8AD36|A0A2J8AD36_9CHLO	Cre14.g614900.t2.1	68.0	694	108	3	1	582	1	692	8.12e-304	855
tr|A0A2K3DED8|A0A2K3DED8_CHLRE	Cre09.g393654.t1.1	100	1354	0	0	250	1603	250	1603	0.0	1674
tr|A0A835XG35|A0A835XG35_9CHLO	Cre10.g427950.t1.1	31.3	1781	787	48	79	1559	36	1679	5.84e-161	531
tr|A0A250X858|A0A250X858_9CHLO	Cre03.g176400.t1.1	30.0	263	117	7	1426	1676	280	487	8.20e-14	77.4
tr|A0A7S0VJ97|A0A7S0VJ97_9CHLO	Cre04.g217921.t1.1	68.6	484	149	1	1	484	1	481	2.40e-231	662
tr|A0A835YDE0|A0A835YDE0_9CHLO	Cre13.g574300.t1.1	61.2	943	298	13	624	1556	58	942	0.0	1049
tr|A0A250XTH2|A0A250XTH2_9CHLO	Cre11.g475600.t1.2	35.3	468	194	11	974	1357	1913	2355	8.19e-46	183
tr|A0A699Z2R0|A0A699Z2R0_HAELA	Cre16.g650250.t1.2	95.2	42	2	0	78	119	62	103	1.04e-22	85.1
tr|A0A835YBW2|A0A835YBW2_9CHLO	Cre12.g527700.t1.1	38.2	1584	641	38	953	2287	1876	3371	1.96e-164	567
tr|A0A2J7ZTU8|A0A2J7ZTU8_9CHLO	Cre12.g511400.t1.1	80.8	172	29	2	47	214	48	219	4.03e-81	261
tr|A0A250XR90|A0A250XR90_9CHLO	Cre01.g002201.t2.1	36.1	249	103	1	3	195	4	252	1.44e-34	142
tr|A0A835WTX5|A0A835WTX5_9CHLO	Cre09.g395050.t1.1	43.9	3583	1304	85	124	3395	98	3285	5.10e-189	654
tr|A0A2J8A6I1|A0A2J8A6I1_9CHLO	Cre07.g347450.t1.2	65.5	55	18	1	772	825	1206	1260	1.05e-13	75.5
tr|A0A835XJ08|A0A835XJ08_9CHLO	Cre09.g387023.t1.1	72.1	337	72	6	2671	2985	2225	2561	1.86e-125	445
tr|A0A7S0RZE1|A0A7S0RZE1_9CHLO	Cre50.g761397.t1.1	70.2	121	35	1	8	128	10	129	4.78e-60	183
tr|A0A7S3R406|A0A7S3R406_DUNTE	Cre02.g115300.t1.1	46.4	689	299	7	40	658	43	731	3.55e-169	527
tr|A0A7S0VAK4|A0A7S0VAK4_9CHLO	Cre02.g077600.t1.2	39.4	1828	863	19	5	1630	7	1792	0.0	1014
tr|A0A250XGZ4|A0A250XGZ4_9CHLO	Cre03.g199900.t1.2	69.8	205	59	2	1	205	1	202	4.13e-106	303
tr|A0A835WTL1|A0A835WTL1_9CHLO	Cre12.g510350.t1.1	72.9	6497	1502	65	48	6376	4	6411	0.0	8598
tr|A0A250X7S6|A0A250X7S6_9CHLO	Cre16.g662300.t1.2	86.6	67	9	0	7	73	6	72	1.44e-37	120
tr|A0A7S0WZH0|A0A7S0WZH0_9CHLO	Cre02.g075150.t1.2	74.0	1088	273	6	17	1100	15	1096	0.0	1610
tr|A0A2J8A3M6|A0A2J8A3M6_9CHLO	Cre16.g692585.t1.2	31.6	535	247	16	139	601	81	568	2.57e-34	138
tr|D8UA57|D8UA57_VOLCA	Cre15.g641950.t1.1	44.3	194	52	2	8	145	12	205	2.16e-31	136
tr|A0A150FX62|A0A150FX62_GONPE	Cre10.g428150.t1.1	77.1	490	105	3	4	489	139	625	1.25e-258	718
tr|A0A835SEW7|A0A835SEW7_CHLIN	Cre05.g236700.t2.1	69.3	1445	338	21	92	1465	229	1638	0.0	1325
tr|A0A835VXF5|A0A835VXF5_CHLIN	Cre17.g725100.t1.2	96.3	831	28	1	1	828	52	882	0.0	1622
tr|A0A7S0RCE8|A0A7S0RCE8_9CHLO	Cre06.g278220.t1.1	41.5	650	319	15	34	644	43	670	3.79e-159	473
tr|A0A835W2N5|A0A835W2N5_9CHLO	Cre09.g401812.t1.1	60.6	4133	1233	59	45	4017	25	3923	0.0	3055
tr|A0A150H4A5|A0A150H4A5_GONPE	Cre03.g169950.t1.1	38.6	1118	456	30	48	982	522	1592	1.38e-164	542
tr|A0A250WZS5|A0A250WZS5_9CHLO	Cre13.g578100.t1.1	36.0	2319	1064	54	1	2099	1	2118	0.0	1140
tr|A0A150GV05|A0A150GV05_GONPE	Cre07.g353850.t1.2	75.9	266	58	2	147	410	1	262	1.37e-106	324
tr|A0A250X6G6|A0A250X6G6_9CHLO	Cre05.g232750.t1.2	58.2	625	147	13	1	613	1	523	3.19e-218	617
tr|A0A2K3CTW4|A0A2K3CTW4_CHLRE	Cre16.g665450.t1.1	100	3210	0	0	1	3210	1	3210	0.0	6111
tr|A0A835Y0L8|A0A835Y0L8_9CHLO	Cre13.g564151.t1.1	29.7	2509	953	49	162	2439	160	2074	8.29e-182	620
tr|D8UM33|D8UM33_VOLCA	Cre08.g373374.t1.1	29.2	233	121	6	57	287	299	489	9.87e-15	75.5
tr|A0A2K3DKL9|A0A2K3DKL9_CHLRE	Cre07.g342700.t2.1	100	863	0	0	1	863	1	863	0.0	1499
tr|A0A150GHE5|A0A150GHE5_GONPE	Cre06.g294700.t1.1	59.1	871	331	11	1	798	148	1006	2.02e-84	308
tr|A0A835YBL2|A0A835YBL2_9CHLO	Cre15.g638304.t1.1	35.8	704	267	20	155	788	213	801	1.76e-77	275
tr|A0A250WP05|A0A250WP05_9CHLO	Cre03.g144607.t1.1	29.9	528	286	14	1357	1802	1259	1784	2.27e-48	191
tr|A0A699Z0T2|A0A699Z0T2_HAELA	Cre06.g300650.t1.2	31.1	206	86	6	6	192	5	173	1.42e-13	74.7
tr|A0A2J8A405|A0A2J8A405_9CHLO	Cre04.g225500.t1.2	37.6	117	63	3	39	145	147	263	5.46e-11	61.6
tr|A0A2K3CTB1|A0A2K3CTB1_CHLRE	Cre16.g657950.t1.1	100	445	0	0	1	445	1	445	0.0	897
tr|A0A7R9V9L9|A0A7R9V9L9_9CHLO	Cre07.g335750.t1.1	66.9	789	224	13	4	769	8	782	9.47e-177	526
tr|A0A835Y6X2|A0A835Y6X2_9CHLO	Cre07.g342450.t1.1	45.0	3374	1201	67	3	2875	7	3231	0.0	1265
tr|A0A836BS50|A0A836BS50_9CHLO	Cre10.g451600.t1.1	38.2	7861	4017	189	361	7735	14	7500	0.0	4549
tr|A0A6A0AIR0|A0A6A0AIR0_HAELA	Cre17.g723100.t1.2	58.6	111	43	1	53	163	143	250	1.58e-41	144
tr|A0A835SUR5|A0A835SUR5_CHLIN	Cre08.g361400.t1.2	67.5	1915	437	41	1	1815	1	1830	0.0	1047
tr|A0A835XKE8|A0A835XKE8_9CHLO	Cre12.g537500.t1.1	52.2	1890	563	40	5	1680	6	1769	0.0	1028
tr|A0A7S3QXG1|A0A7S3QXG1_DUNTE	Cre12.g497900.t1.1	27.7	1006	504	24	1056	2032	824	1635	3.19e-63	239
tr|A0A2J7ZG16|A0A2J7ZG16_9CHLO	Cre10.g442050.t1.1	51.8	365	170	3	6	368	200	560	1.96e-119	372
tr|A0A835XJL6|A0A835XJL6_9CHLO	Cre02.g103200.t1.1	33.6	1981	971	58	10	1771	145	2000	6.21e-169	589
tr|A0A150GRG7|A0A150GRG7_GONPE	Cre02.g100450.t1.1	82.9	199	34	0	171	369	1772	1970	7.09e-106	344
tr|A0A835VZ08|A0A835VZ08_CHLIN	Cre02.g104250.t1.1	75.1	377	92	2	120	495	34	409	3.42e-175	591
tr|A8JH68|A8JH68_CHLRE	Cre03.g182551.t1.2	100	145	0	0	1	145	1	145	1.92e-94	269
tr|A0A7S3R1I9|A0A7S3R1I9_DUNTE	Cre16.g674700.t1.2	40.5	333	180	9	16	336	9	335	1.02e-56	188
tr|A0A150H325|A0A150H325_GONPE	Cre07.g320200.t1.1	60.3	728	270	6	3	712	1022	1748	4.41e-228	685
tr|A0A2J8AHN0|A0A2J8AHN0_9CHLO	Cre09.g393432.t1.1	36.8	945	352	23	75	820	1	899	8.73e-63	228
tr|D8TMM7|D8TMM7_VOLCA	Cre09.g395880.t1.1	36.6	655	285	14	5	581	71	673	5.74e-61	219
tr|A0A2K3CWU5|A0A2K3CWU5_CHLRE	Cre15.g641100.t1.1	100	1857	0	0	1	1857	1	1857	0.0	1983
tr|A0A150GP53|A0A150GP53_GONPE	Cre08.g360100.t1.2	78.7	428	78	5	4	423	107	529	3.31e-219	612
tr|A0A836BDA1|A0A836BDA1_9CHLO	Cre02.g105400.t1.1	79.8	830	118	10	1	803	1	807	0.0	1122
tr|A0A699ZNE8|A0A699ZNE8_HAELA	Cre17.g710800.t2.1	52.2	92	43	1	1	92	391	481	9.96e-24	93.2
tr|A0A835S917|A0A835S917_CHLIN	Cre08.g384900.t1.2	94.0	300	18	0	1	300	1	300	2.05e-211	577
tr|A0A836C3S8|A0A836C3S8_9CHLO	Cre10.g429750.t1.1	64.7	2944	769	41	1	2752	1	2865	0.0	2935
tr|A8J3V5|A8J3V5_CHLRE	Cre16.g680300.t1.2	100	351	0	0	1	351	1	351	2.16e-250	680
tr|A0A835Y2D4|A0A835Y2D4_9CHLO	Cre13.g591100.t1.1	55.5	1290	382	22	832	1996	1132	2354	1.07e-197	655
tr|A0A835SZ93|A0A835SZ93_9CHLO	Cre08.g363250.t1.1	46.5	2504	960	63	8	2364	6	2276	3.53e-229	750
tr|A0A835XRM4|A0A835XRM4_9CHLO	Cre02.g074000.t1.1	57.7	1217	355	13	1	1129	1	1145	0.0	1169
tr|A0A2K3DYD1|A0A2K3DYD1_CHLRE	Cre03.g191550.t1.2	100	1227	0	0	1	1227	1	1227	0.0	2222
tr|D8TL05|D8TL05_VOLCA	Cre05.g234663.t1.1	82.3	277	39	1	12	288	44	310	5.55e-145	457
tr|A0A835WE12|A0A835WE12_CHLIN	Cre12.g497850.t1.2	93.5	214	14	0	1	214	1	214	3.04e-135	378
tr|D8TX44|D8TX44_VOLCA	Cre09.g415200.t1.1	61.9	1034	278	18	122	1105	136	1103	6.10e-274	799
tr|A0A250WU46|A0A250WU46_9CHLO	Cre06.g283000.t1.1	34.5	600	315	11	37	627	59	589	5.06e-62	230
tr|A0A835WF46|A0A835WF46_CHLIN	Cre12.g489650.t1.1	66.9	750	185	14	8	708	3	738	1.13e-223	642
tr|A0A2K3CZ19|A0A2K3CZ19_CHLRE	Cre13.g562650.t1.1	100	1556	0	0	1	1556	1	1556	0.0	1707
tr|A0A7S3VLF3|A0A7S3VLF3_DUNTE	Cre10.g430050.t1.2	59.3	231	82	2	2	230	3	223	1.30e-85	253
tr|A0A150GIU9|A0A150GIU9_GONPE	Cre13.g565850.t1.1	80.0	95	12	1	16	103	313	407	1.34e-42	148
tr|A0A150G318|A0A150G318_GONPE	Cre06.g283000.t1.1	61.4	510	178	5	16	514	101	602	1.04e-167	506
tr|A0A7R9V7G4|A0A7R9V7G4_9CHLO	Cre03.g175200.t1.2	66.0	624	210	1	2	625	177	798	5.78e-317	879
tr|A0A835SR60|A0A835SR60_CHLIN	Cre17.g744447.t1.1	92.8	1285	81	3	1	1274	1	1285	0.0	2255
tr|A0A835VSH3|A0A835VSH3_CHLIN	Cre02.g095145.t1.1	78.7	249	42	4	16	254	1	248	7.24e-124	352
tr|A0A250WVF0|A0A250WVF0_9CHLO	Cre12.g514950.t1.1	40.9	391	166	6	658	1030	1057	1400	1.45e-73	267
tr|A0A699YPT5|A0A699YPT5_HAELA	Cre04.g226950.t1.2	39.3	275	90	5	24	223	1	273	6.55e-40	138
tr|A0A835WT12|A0A835WT12_9CHLO	Cre02.g113900.t1.1	72.2	399	85	7	38	423	22	407	8.90e-176	497
tr|A0A835Y9Y3|A0A835Y9Y3_9CHLO	Cre11.g467738.t1.1	61.6	190	62	2	3	192	8	186	9.51e-81	239
tr|A0A2J7ZZC2|A0A2J7ZZC2_9CHLO	Cre12.g519950.t1.1	67.6	2528	680	19	1	2410	1	2507	0.0	3146
tr|A0A835TM70|A0A835TM70_9CHLO	Cre13.g587550.t2.1	76.7	2376	474	24	2	2347	3	2329	0.0	3287
tr|A0A836C725|A0A836C725_9CHLO	Cre16.g677050.t1.1	58.6	1472	471	28	1	1373	55	1487	0.0	1450
tr|A0A2K3DZY1|A0A2K3DZY1_CHLRE	Cre03.g210849.t1.1	100	1808	0	0	1	1808	1	1808	0.0	2751
tr|A0A2K3D4E1|A0A2K3D4E1_CHLRE	Cre12.g525776.t1.1	100	438	0	0	1	438	1	438	1.31e-295	802
tr|A0A835WTM9|A0A835WTM9_9CHLO	Cre09.g394806.t1.1	37.3	746	293	26	1	596	176	896	1.84e-89	313
tr|A0A150GBS0|A0A150GBS0_GONPE	Cre10.g418900.t1.2	64.0	566	127	5	253	744	442	1004	2.15e-195	626
tr|D8TN72|D8TN72_VOLCA	Cre08.g370150.t1.1	53.6	153	56	3	881	1019	1420	1571	9.48e-28	122
tr|A0A2K3CUB7|A0A2K3CUB7_CHLRE	Cre16.g669300.t1.2	100	510	0	0	1	510	1	510	0.0	885
tr|A0A2J8A5D8|A0A2J8A5D8_9CHLO	Cre01.g055966.t1.1	44.5	137	71	3	711	844	1318	1452	6.29e-22	103
tr|A0A150G4R9|A0A150G4R9_GONPE	Cre06.g281200.t1.1	45.1	1821	507	23	17	1371	259	2053	3.34e-243	757
tr|A0A250WR09|A0A250WR09_9CHLO	Cre12.g509950.t1.1	33.7	623	350	16	6	611	40	616	7.31e-106	341
tr|Q84X76|Q84X76_CHLRE	Cre03.g171550.t1.1	100	278	0	0	1	278	1	278	1.09e-195	536
tr|A0A699ZY97|A0A699ZY97_HAELA	Cre01.g043100.t1.2	84.7	85	13	0	13	97	130	214	1.10e-48	154
tr|D8UKQ1|D8UKQ1_VOLCA	Cre05.g237650.t1.1	38.3	1254	631	23	5	1216	90	1242	1.27e-61	231
tr|A0A2J8ABB1|A0A2J8ABB1_9CHLO	Cre07.g337050.t1.2	44.1	374	149	10	74	401	273	632	3.94e-63	213
tr|A0A2J8ADV1|A0A2J8ADV1_9CHLO	Cre02.g093401.t1.1	30.5	933	427	29	12	838	5	822	1.34e-50	191
tr|A0A835SGR3|A0A835SGR3_CHLIN	Cre02.g097000.t1.2	94.3	512	24	2	26	533	25	535	0.0	953
tr|A0A150H3A5|A0A150H3A5_GONPE	Cre06.g254850.t1.1	40.2	1153	351	28	648	1510	59	1162	7.03e-144	477
tr|D8UA16|D8UA16_VOLCA	Cre10.g465450.t1.2	46.2	758	268	14	80	715	124	863	1.71e-166	524
tr|A0A835XRB9|A0A835XRB9_9CHLO	Cre02.g117300.t1.2	53.8	327	118	5	1	310	1	311	5.21e-112	327
tr|A0A835WA23|A0A835WA23_CHLIN	Cre13.g583217.t1.1	73.3	202	47	2	226	427	68	262	3.73e-79	245
tr|A0A835WT30|A0A835WT30_9CHLO	Cre02.g117300.t1.2	87.1	311	35	1	1	306	1	311	1.83e-200	550
tr|A0A7S0WVG7|A0A7S0WVG7_9CHLO	Cre12.g505950.t1.2	50.0	352	127	10	86	431	62	370	3.93e-94	288
tr|A0A835SYI3|A0A835SYI3_CHLIN	Cre16.g682550.t1.1	66.1	7073	1503	94	2	6234	192	7213	0.0	7396
tr|A0A7S3VVE9|A0A7S3VVE9_DUNTE	Cre07.g349300.t1.2	42.3	640	237	15	50	585	26	637	6.95e-123	391
tr|A0A250X9A4|A0A250X9A4_9CHLO	Cre17.g715400.t1.1	35.0	223	108	2	76	298	45	230	2.11e-33	129
tr|D8U7A8|D8U7A8_VOLCA	Cre16.g658600.t1.1	47.7	220	113	2	1	220	1	218	2.18e-54	177
tr|A0A7R9VVG6|A0A7R9VVG6_9CHLO	Cre06.g252550.t1.1	59.8	219	83	3	61	277	53	268	9.51e-78	248
tr|A0A7S3R0M1|A0A7S3R0M1_DUNTE	Cre10.g462300.t1.1	49.8	478	212	5	202	653	271	746	1.54e-131	409
tr|D8U4G9|D8U4G9_VOLCA	Cre09.g403500.t1.2	37.5	376	132	10	23	297	1	374	2.03e-49	176
tr|A0A835SW77|A0A835SW77_CHLIN	Cre09.g397000.t1.1	67.2	3485	810	42	1	3216	1	3423	0.0	3919
tr|A0A2K3D5T8|A0A2K3D5T8_CHLRE	Cre12.g555650.t1.1	100	1062	0	0	1	1062	1	1062	0.0	1622
tr|A0A150H403|A0A150H403_GONPE	Cre16.g664400.t1.2	59.3	108	12	1	5	80	7	114	1.12e-37	122
tr|D8UD27|D8UD27_VOLCA	Cre02.g113752.t1.2	62.7	453	132	3	619	1035	1048	1499	7.81e-155	497
tr|A0A835WS68|A0A835WS68_9CHLO	Cre12.g489450.t1.1	43.1	6591	2830	160	634	6861	18	6058	0.0	1573
tr|A0A835SQV4|A0A835SQV4_CHLIN	Cre05.g235550.t1.1	67.1	3122	860	41	1	3043	1	3034	0.0	2922
tr|A0A835W8D9|A0A835W8D9_9CHLO	Cre11.g478950.t1.2	80.1	1241	201	10	1	1227	1	1209	0.0	1148
tr|A0A150FV79|A0A150FV79_GONPE	Cre05.g245450.t1.2	74.3	342	53	1	8	314	60	401	1.26e-144	413
tr|A0A835SW25|A0A835SW25_CHLIN	Cre11.g467720.t1.1	65.7	3530	856	67	1	3366	1	3338	0.0	2236
tr|A0A7R9UZZ4|A0A7R9UZZ4_9CHLO	Cre12.g537671.t1.1	87.9	33	4	0	111	143	324	356	1.25e-14	69.7
tr|A0A150GY56|A0A150GY56_GONPE	Cre06.g306850.t1.2	68.0	334	60	1	669	955	171	504	1.03e-142	434
tr|A0A835SB24|A0A835SB24_CHLIN	Cre07.g347100.t1.2	92.2	282	22	0	1	282	1	282	9.31e-199	544
tr|A0A835SDH5|A0A835SDH5_CHLIN	Cre17.g745647.t1.1	61.3	406	101	9	37	424	30	397	1.13e-125	369
tr|A0A2J7ZVY0|A0A2J7ZVY0_9CHLO	Cre01.g041850.t1.1	43.4	226	91	3	8	200	247	468	9.12e-56	184
tr|D8U0E1|D8U0E1_VOLCA	Cre01.g019700.t1.2	38.3	1855	708	35	7	1497	41	1823	3.56e-155	523
tr|A0A835WJU4|A0A835WJU4_9CHLO	Cre01.g029900.t1.2	80.9	1528	271	14	1	1513	1	1522	0.0	2227
tr|A0A2K3CZE8|A0A2K3CZE8_CHLRE	Cre13.g567750.t1.2	100	480	0	0	1	480	1	480	3.98e-286	781
tr|A0A6U2CRI9|A0A6U2CRI9_9CHLO	Cre16.g657950.t1.1	40.0	370	160	8	234	542	1	369	1.89e-77	254
tr|A0A1W6R6K8|A0A1W6R6K8_9CHLO	Cre06.g304250.t1.1	66.7	105	35	0	499	603	933	1037	7.98e-37	152
tr|A0A836BQT7|A0A836BQT7_9CHLO	Cre03.g186750.t1.2	45.3	2494	722	47	2008	4282	6	2076	3.88e-275	897
tr|A0A835YLG2|A0A835YLG2_9CHLO	Cre03.g183750.t1.1	46.9	714	308	9	1	670	118	804	3.75e-110	363
tr|A0A250X4U9|A0A250X4U9_9CHLO	Cre12.g522850.t1.2	56.6	890	290	9	7	825	7	871	2.76e-256	748
tr|A0A2K3D7A4|A0A2K3D7A4_CHLRE	Cre11.g467556.t1.1	100	1472	0	0	1	1472	1	1472	0.0	2219
tr|A0A2K3CW68|A0A2K3CW68_CHLRE	Cre16.g688638.t1.1	100	2764	0	0	1	2764	1	2764	0.0	4370
tr|D8TZJ3|D8TZJ3_VOLCA	Cre07.g343400.t1.1	42.9	1186	441	31	128	1181	15	1096	4.99e-158	518
tr|A8HVT5|A8HVT5_CHLRE	Cre06.g272200.t1.2	100	209	0	0	1	209	1	209	2.73e-132	370
tr|A0A172WYN8|A0A172WYN8_CHLRE	Cre09.g389615.t1.1	100	982	0	0	1	982	1	982	0.0	1117
tr|A0A835T231|A0A835T231_9CHLO	Cre06.g278201.t1.1	82.9	217	37	0	94	310	55	271	1.79e-130	375
tr|A0A150GII8|A0A150GII8_GONPE	Cre07.g355350.t1.2	38.1	189	97	2	4	172	12	200	9.28e-26	111
tr|A0A835T9S6|A0A835T9S6_CHLIN	Cre03.g149600.t1.1	66.0	1895	540	29	1	1856	1	1829	0.0	2013
tr|A0A250X4T6|A0A250X4T6_9CHLO	Cre13.g574350.t1.2	31.5	629	223	11	459	1064	498	941	1.20e-74	268
tr|A0A835WI51|A0A835WI51_9CHLO	Cre06.g287950.t1.1	59.9	3181	934	59	7	3079	6	2953	0.0	2098
tr|A0A2K3CWC1|A0A2K3CWC1_CHLRE	Cre15.g634600.t1.1	100	2719	0	0	1	2719	1	2719	0.0	2969
tr|A0A7S3VKA6|A0A7S3VKA6_DUNTE	Cre06.g263100.t1.1	51.2	207	94	4	1	200	1	207	2.37e-62	209
tr|A0A835W3R9|A0A835W3R9_CHLIN	Cre02.g113350.t1.2	73.5	2010	413	31	1	1961	98	2036	0.0	2094
tr|A0A836B310|A0A836B310_CHLIN	Cre07.g335150.t1.1	47.6	84	44	0	54	137	16	99	2.33e-16	86.3
tr|A0A835WDN6|A0A835WDN6_CHLIN	Cre08.g366101.t1.1	92.9	2163	130	2	1	2163	1	2139	0.0	1424
tr|A0A7S0N9X6|A0A7S0N9X6_9CHLO	Cre12.g498100.t1.2	76.2	386	88	2	1	382	40	425	1.70e-217	602
tr|A0A150GV79|A0A150GV79_GONPE	Cre10.g420450.t1.2	32.9	900	448	26	1	766	235	1112	5.59e-118	384
tr|A0A2J8A950|A0A2J8A950_9CHLO	Cre16.g681014.t1.1	50.1	345	136	11	554	874	1020	1352	6.45e-73	270
tr|A0A2K3DFF3|A0A2K3DFF3_CHLRE	Cre09.g407850.t1.2	100	291	0	0	1	291	1	291	2.69e-207	566
tr|D8TM90|D8TM90_VOLCA	Cre12.g530400.t1.2	61.3	333	107	3	26	336	2	334	2.90e-111	328
tr|A0A835SR56|A0A835SR56_CHLIN	Cre07.g350750.t1.2	93.1	379	26	0	1	379	16	394	6.02e-268	728
tr|A0A250XB56|A0A250XB56_9CHLO	Cre16.g669150.t1.2	57.7	182	71	2	1	182	149	324	3.61e-70	215
tr|A0A836C5B9|A0A836C5B9_9CHLO	Cre11.g481400.t1.1	71.9	573	124	2	438	973	543	1115	1.18e-215	648
tr|A0A835SLL6|A0A835SLL6_CHLIN	Cre17.g701300.t1.2	87.8	928	64	4	1	905	1	902	0.0	1382
tr|A0A7S0RJ21|A0A7S0RJ21_9CHLO	Cre06.g273500.t2.1	69.5	118	36	0	1	118	104	221	2.76e-47	157
tr|A0A835TA66|A0A835TA66_CHLIN	Cre02.g088750.t1.2	90.1	4923	427	17	1	4881	1	4904	0.0	7269
tr|A0A150H1T8|A0A150H1T8_GONPE	Cre12.g511350.t1.1	41.8	600	231	16	4	535	79	628	2.46e-84	289
tr|A0A2K3DA15|A0A2K3DA15_CHLRE	Cre10.g433550.t1.1	100	2224	0	0	1	2224	1	2224	0.0	3141
tr|A0A7R9YTB3|A0A7R9YTB3_9CHLO	Cre02.g095111.t1.1	41.6	707	365	18	29	698	22	717	1.56e-166	501
tr|A0A835WC66|A0A835WC66_CHLIN	Cre01.g027350.t2.1	80.2	2126	310	19	3	2067	4	2080	0.0	2473
tr|A0A699YGA3|A0A699YGA3_HAELA	Cre10.g439700.t1.2	71.9	178	50	0	324	501	179	356	1.31e-82	263
tr|A0A250WXC3|A0A250WXC3_9CHLO	Cre03.g194350.t1.2	42.5	511	259	10	14	507	27	519	7.49e-96	308
tr|A0A835XZD2|A0A835XZD2_9CHLO	Cre13.g590300.t1.1	75.6	450	51	3	1	450	66	456	6.17e-204	585
tr|A0A836C5D8|A0A836C5D8_9CHLO	Cre12.g509350.t1.2	81.0	364	50	1	2	346	3	366	3.07e-113	333
tr|A0A7S0V6Q8|A0A7S0V6Q8_9CHLO	Cre08.g374700.t1.1	27.7	465	206	8	8	411	1584	1979	3.15e-31	128
tr|A0A835WBW1|A0A835WBW1_CHLIN	Cre01.g023500.t1.2	56.8	556	167	6	564	1073	813	1341	4.00e-133	439
tr|A0A250WVM3|A0A250WVM3_9CHLO	Cre17.g704300.t1.1	45.2	2960	1485	37	1	2867	1	2915	0.0	2451
tr|A0A835XNU3|A0A835XNU3_9CHLO	Cre14.g631950.t1.2	56.7	363	116	5	14	368	5	334	1.02e-116	349
tr|A0A835WE54|A0A835WE54_CHLIN	Cre12.g500900.t1.1	70.5	952	158	11	1	909	1	872	2.55e-267	788
tr|A0A835XGH4|A0A835XGH4_9CHLO	Cre11.g479416.t1.1	46.1	988	434	20	81	1025	1985	2916	5.75e-181	627
tr|A0A250WU35|A0A250WU35_9CHLO	Cre16.g682350.t2.1	57.1	564	166	6	44	593	33	534	2.01e-221	632
tr|A0A2K3CTC2|A0A2K3CTC2_CHLRE	Cre16.g658250.t2.1	100	448	0	0	1	448	1	448	3.41e-303	822
tr|A0A150GEU0|A0A150GEU0_GONPE	Cre17.g734050.t1.1	54.2	190	69	6	2	174	21	209	2.56e-48	190
tr|A0A836BZP8|A0A836BZP8_9CHLO	Cre08.g364100.t1.2	70.5	468	129	5	8	471	4	466	4.59e-243	672
tr|A0A250WWL2|A0A250WWL2_9CHLO	Cre10.g467200.t1.1	39.1	2239	1110	47	989	3077	1147	3282	0.0	1349
tr|A0A835XPL3|A0A835XPL3_9CHLO	Cre16.g671050.t1.2	58.0	50	21	0	846	895	1186	1235	1.06e-12	72.4
tr|A0A7S0YJX0|A0A7S0YJX0_9CHLO	Cre05.g248050.t1.1	59.0	100	38	3	3	101	4	101	4.61e-20	93.2
tr|A0A835Y443|A0A835Y443_9CHLO	Cre01.g030500.t1.2	72.1	1290	255	31	4	1225	3	1255	0.0	1608
tr|D8U4M5|D8U4M5_VOLCA	Cre02.g082250.t1.1	83.9	341	54	1	27	367	19	358	1.55e-196	545
tr|A0A6T8R416|A0A6T8R416_9CHLO	Cre03.g206250.t1.1	30.1	209	125	6	85	278	44	246	1.61e-18	83.6
tr|A0A2J7ZS76|A0A2J7ZS76_9CHLO	Cre02.g095119.t1.1	66.1	59	19	1	2523	2581	1422	1479	1.93e-14	80.9
tr|A0A7S3VHH2|A0A7S3VHH2_DUNTE	Cre12.g554528.t1.1	34.0	150	86	2	585	721	1040	1189	4.77e-11	66.6
tr|A0A835Y3R0|A0A835Y3R0_9CHLO	Cre10.g446850.t1.1	33.5	786	379	22	827	1481	4421	5193	1.14e-82	306
tr|A0A7R9V3E6|A0A7R9V3E6_9CHLO	Cre12.g505700.t1.2	77.3	110	25	0	2	111	104	213	7.54e-55	176
tr|A0A150GDH6|A0A150GDH6_GONPE	Cre07.g314450.t1.1	65.7	245	66	4	19	249	82	322	1.82e-100	299
tr|A0A7G1GG92|A0A7G1GG92_9CHLO	Cre03.g165750.t1.1	36.5	219	127	3	1060	1266	342	560	8.25e-27	119
tr|A0A835WCK1|A0A835WCK1_CHLIN	Cre01.g039750.t1.2	92.3	248	17	2	1	246	1	248	4.44e-159	441
tr|A0A2K3DWS7|A0A2K3DWS7_CHLRE	Cre03.g166850.t1.1	100	2916	0	0	1	2916	1	2916	0.0	4399
tr|A0A836BAU5|A0A836BAU5_9CHLO	Cre08.g380201.t1.1	78.8	594	87	2	1	594	12	566	1.28e-305	839
tr|A0A835W8I2|A0A835W8I2_9CHLO	Cre03.g206369.t1.1	60.8	1999	604	45	13	1930	31	1931	0.0	1750
tr|A0A150GRU7|A0A150GRU7_GONPE	Cre16.g656900.t1.2	39.6	475	195	9	1776	2163	42	511	7.78e-73	253
tr|A0A2K3CSJ5|A0A2K3CSJ5_CHLRE	Cre16.g691200.t1.1	100	1484	0	0	1	1484	1	1484	0.0	1387
tr|D8UGL3|D8UGL3_VOLCA	Cre13.g563550.t1.1	63.4	112	25	1	407	502	470	581	1.60e-34	140
tr|S0DAV6|S0DAV6_9CHLO	Cre12.g550850.t1.2	69.8	225	65	2	23	246	22	244	4.84e-107	309
tr|A0A835VUU4|A0A835VUU4_CHLIN	Cre06.g307650.t1.1	73.9	727	88	4	1	630	50	771	0.0	982
tr|A0A1L2M5D8|A0A1L2M5D8_9CHLO	Cre03.g165750.t1.1	36.6	224	116	3	1156	1354	342	564	1.50e-24	112
tr|A0A7S0R973|A0A7S0R973_9CHLO	Cre06.g262400.t1.1	42.3	1247	359	19	31	1178	740	1724	1.61e-225	712
tr|A0A150G6K9|A0A150G6K9_GONPE	Cre04.g216000.t1.2	40.4	732	293	34	4	644	5	684	1.35e-90	308
tr|A0A7S3QXL8|A0A7S3QXL8_DUNTE	Cre03.g150350.t1.1	51.9	472	175	8	1	453	1103	1541	2.66e-109	355
tr|A0A835XN31|A0A835XN31_9CHLO	Cre26.g756897.t1.1	77.0	148	34	0	1	148	1	148	6.31e-63	236
tr|A0A2K3DKN3|A0A2K3DKN3_CHLRE	Cre07.g341000.t1.1	100	2822	0	0	1	2822	1	2822	0.0	3766
tr|A0A835WDA6|A0A835WDA6_9CHLO	Cre06.g274450.t1.1	68.2	487	122	5	1	460	92	572	6.86e-200	566
tr|A0A2K3DJF0|A0A2K3DJF0_CHLRE	Cre07.g325737.t1.1	100	396	0	0	1	396	1	396	1.15e-286	776
tr|A0A835WAE7|A0A835WAE7_CHLIN	Cre13.g574150.t1.1	83.0	382	54	2	1	371	125	506	2.19e-221	614
tr|A0A835VUI9|A0A835VUI9_CHLIN	Cre07.g350200.t1.2	62.4	109	41	0	469	577	90	198	2.88e-48	167
tr|A0A150GC53|A0A150GC53_GONPE	Cre13.g583200.t1.2	67.5	40	13	0	17	56	29	68	4.07e-11	58.5
tr|D8U7U3|D8U7U3_VOLCA	Cre02.g074000.t1.1	53.1	1364	516	8	1	1334	1	1270	0.0	1188
tr|A0A2K3DN17|A0A2K3DN17_CHLRE	Cre06.g266383.t1.1	100	1191	0	0	1	1191	1	1191	0.0	1230
tr|A0A835TIQ6|A0A835TIQ6_CHLIN	Cre06.g259850.t1.2	97.8	134	3	0	1	134	1	134	1.69e-85	245
tr|A0A250XJ57|A0A250XJ57_9CHLO	Cre04.g222700.t1.2	56.5	1017	420	10	23	1021	40	1052	0.0	1036
tr|A0A699ZUB9|A0A699ZUB9_HAELA	Cre07.g340050.t1.1	58.9	411	92	4	28	392	10	389	9.09e-147	439
tr|A0A836C2S2|A0A836C2S2_9CHLO	Cre17.g704050.t1.1	34.3	435	244	7	95	527	207	601	2.88e-61	216
tr|A0A835TLJ9|A0A835TLJ9_CHLIN	Cre07.g325722.t2.1	89.8	450	34	4	1	441	1	447	6.46e-206	575
tr|A8IFZ1|A8IFZ1_CHLRE	Cre03.g161550.t1.2	100	1122	0	0	1	1122	1	1122	0.0	1671
tr|A0A835SHJ2|A0A835SHJ2_CHLIN	Cre08.g374300.t1.1	64.1	780	205	11	2	723	1	763	2.10e-237	679
tr|A0A7S3QWJ3|A0A7S3QWJ3_DUNTE	Cre17.g722200.t1.2	69.7	145	44	0	7	151	9	153	3.43e-73	216
tr|A0A150H0J8|A0A150H0J8_GONPE	Cre16.g676550.t1.2	44.7	313	139	9	20	302	1	309	1.46e-66	211
tr|A0A835WUW0|A0A835WUW0_9CHLO	Cre16.g677001.t1.1	69.5	627	133	7	354	933	292	907	1.44e-246	716
tr|A0A150FVY4|A0A150FVY4_GONPE	Cre10.g453050.t1.2	61.9	278	101	2	1	273	1	278	3.12e-108	325
tr|A0A835SR94|A0A835SR94_CHLIN	Cre01.g050451.t1.1	81.0	865	142	6	1	846	1	862	0.0	1231
tr|A0A7R9VMI2|A0A7R9VMI2_9CHLO	Cre13.g563733.t2.1	70.7	184	53	1	23	206	266	448	1.78e-90	273
tr|A0A835SJE7|A0A835SJE7_9CHLO	Cre04.g212150.t1.1	59.6	659	160	9	94	744	1	561	4.05e-217	625
tr|A0A835W413|A0A835W413_CHLIN	Cre06.g263700.t1.1	90.5	84	8	0	1	84	142	225	3.84e-45	144
tr|A0A7S0N7F3|A0A7S0N7F3_9CHLO	Cre13.g570350.t1.1	78.4	656	130	5	150	804	157	801	0.0	982
tr|A0A835SCQ1|A0A835SCQ1_CHLIN	Cre14.g626466.t1.1	75.5	899	157	8	1	866	1	869	0.0	903
tr|A0A835TS68|A0A835TS68_CHLIN	Cre13.g584551.t1.1	41.0	958	438	30	86	960	7	920	1.39e-89	306
tr|D8TWQ5|D8TWQ5_VOLCA	Cre12.g537671.t1.1	55.9	2397	698	52	3	2195	17	2259	0.0	1739
tr|A0A7R9VLS8|A0A7R9VLS8_9CHLO	Cre16.g673281.t1.1	69.6	280	82	2	44	322	18	295	1.73e-139	396
tr|A0A150H3B5|A0A150H3B5_GONPE	Cre07.g325713.t1.1	66.4	968	245	16	4	905	5	958	0.0	1065
tr|A0A835SP23|A0A835SP23_CHLIN	Cre09.g398252.t1.1	88.7	335	34	3	1	332	1	334	2.28e-204	562
tr|A0A2K3DLN4|A0A2K3DLN4_CHLRE	Cre07.g356500.t1.1	100	4704	0	0	1	4704	1	4704	0.0	7354
tr|A0A835VPH3|A0A835VPH3_CHLIN	Cre04.g231908.t1.1	69.4	108	33	0	1240	1347	1214	1321	1.13e-24	112
tr|D8UIF1|D8UIF1_VOLCA	Cre15.g640200.t1.1	81.5	124	21	1	1	122	1	124	5.15e-61	201
tr|A0A835Y0A4|A0A835Y0A4_9CHLO	Cre04.g220100.t1.1	54.7	75	34	0	909	983	1474	1548	1.24e-16	85.5
tr|D8U306|D8U306_VOLCA	Cre08.g382350.t1.2	91.8	331	27	0	1	331	1	331	1.42e-217	599
tr|A0A6A0ADH7|A0A6A0ADH7_HAELA	Cre06.g283750.t1.2	64.2	120	43	0	1	120	249	368	6.34e-45	149
tr|A0A835Y5D4|A0A835Y5D4_9CHLO	Cre10.g445800.t1.1	43.0	151	49	5	37	186	173	287	3.28e-16	84.0
tr|A0A835TQ75|A0A835TQ75_CHLIN	Cre13.g591050.t1.2	74.4	387	71	5	3609	3973	1518	1898	8.48e-119	421
tr|A0A7S3R371|A0A7S3R371_DUNTE	Cre14.g622550.t1.1	46.8	308	127	6	92	364	271	576	9.46e-69	233
tr|A0A2J7ZQT3|A0A2J7ZQT3_9CHLO	Cre14.g612200.t1.1	33.7	2137	667	45	161	1823	396	2260	8.36e-165	573
tr|A0A150H1Z0|A0A150H1Z0_GONPE	Cre10.g424775.t1.1	75.4	836	129	5	3	772	209	1033	0.0	1087
tr|A0A835W851|A0A835W851_CHLIN	Cre07.g325760.t1.1	62.5	405	112	5	1	371	1	399	3.12e-119	378
tr|A0A835W0U1|A0A835W0U1_CHLIN	Cre02.g103400.t1.2	74.7	1806	393	18	3686	5453	69	1848	0.0	1949
tr|A0A835WNS5|A0A835WNS5_9CHLO	Cre17.g712100.t1.2	90.1	446	43	1	1	446	1	445	9.04e-277	755
tr|A0A7S0UNT7|A0A7S0UNT7_9CHLO	Cre11.g467758.t1.1	48.9	94	45	1	19	112	582	672	6.83e-19	80.5
tr|A0A835SK14|A0A835SK14_9CHLO	Cre06.g250000.t1.2	58.1	279	99	8	21	289	17	287	5.38e-82	249
tr|A0A835WFS1|A0A835WFS1_9CHLO	Cre10.g420537.t1.2	33.5	236	123	11	165	385	274	490	3.30e-14	75.1
tr|A0A835XQ70|A0A835XQ70_9CHLO	Cre07.g320850.t1.2	56.7	609	200	6	12	598	6	572	7.13e-235	667
tr|A0A7R9YW17|A0A7R9YW17_9CHLO	Cre16.g677205.t1.1	38.0	1209	623	35	59	1191	903	2060	1.62e-181	588
tr|A0A835YAT8|A0A835YAT8_9CHLO	Cre16.g681014.t1.1	46.4	349	138	11	1564	1881	1022	1352	2.41e-62	236
tr|A0A250X806|A0A250X806_9CHLO	Cre15.g643550.t1.2	94.5	291	16	0	3	293	6	296	1.29e-193	532
tr|A0A7R9V5K8|A0A7R9V5K8_9CHLO	Cre08.g360600.t1.1	31.6	158	95	3	1	158	1	145	4.31e-15	77.8
tr|A0A2K3DL68|A0A2K3DL68_CHLRE	Cre07.g349167.t1.1	100	63	0	0	1	63	1	63	1.17e-41	129
tr|A0A835SV80|A0A835SV80_CHLIN	Cre12.g559450.t1.1	78.7	774	90	10	1	772	1	701	0.0	1095
tr|A0A699Z9C9|A0A699Z9C9_HAELA	Cre09.g405300.t1.2	47.6	143	57	1	5	129	13	155	1.99e-36	122
tr|A0A835SM06|A0A835SM06_CHLIN	Cre11.g468356.t2.1	85.2	1627	233	5	4	1623	5	1630	0.0	1670
tr|A0A2J7ZQ50|A0A2J7ZQ50_9CHLO	Cre10.g450879.t1.2	87.7	179	22	0	1	179	101	279	1.75e-102	310
tr|A0A2J8ACA7|A0A2J8ACA7_9CHLO	Cre05.g232900.t1.1	60.4	197	39	3	29	188	1069	1263	2.13e-54	209
tr|A0A7R9Z0B9|A0A7R9Z0B9_9CHLO	Cre01.g020400.t1.2	78.3	512	110	1	1	511	1	512	6.48e-231	644
tr|A0A250WRZ5|A0A250WRZ5_9CHLO	Cre12.g553950.t1.1	33.1	124	74	3	167	289	349	464	4.62e-14	75.9
tr|A0A150GUE6|A0A150GUE6_GONPE	Cre02.g119600.t1.2	58.6	343	117	3	4	345	9	327	2.95e-136	392
tr|A0A7S0WZR0|A0A7S0WZR0_9CHLO	Cre12.g529350.t1.1	56.4	133	58	0	24	156	387	519	9.65e-51	169
tr|A0A2K3CNQ7|A0A2K3CNQ7_CHLRE	Cre17.g698150.t1.1	100	857	0	0	1	857	1	857	0.0	978
tr|A0A835WP18|A0A835WP18_9CHLO	Cre16.g670800.t1.2	95.5	112	5	0	1	112	1	112	1.06e-64	191
tr|A0A835WD10|A0A835WD10_9CHLO	Cre06.g278170.t1.1	64.2	1286	425	13	1	1262	25	1298	0.0	1425
tr|D8TU89|D8TU89_VOLCA	Cre10.g462300.t1.1	60.1	786	237	15	9	760	3	745	3.11e-237	690
tr|D8U0P1|D8U0P1_VOLCA	Cre09.g401400.t1.2	31.3	721	279	16	98	667	1	656	4.45e-54	199
tr|A0A835W8Q5|A0A835W8Q5_CHLIN	Cre03.g150800.t1.1	73.5	2331	442	31	1	2271	1	2215	0.0	2387
tr|A0A7S0YAX3|A0A7S0YAX3_9CHLO	Cre12.g525500.t1.1	37.3	295	139	7	13	303	283	535	9.80e-40	148
tr|A0A836BUT8|A0A836BUT8_9CHLO	Cre16.g654950.t1.1	30.5	4077	1948	82	439	3956	698	4455	1.98e-272	926
tr|A0A2J8AHR3|A0A2J8AHR3_9CHLO	Cre11.g467575.t2.1	42.8	519	188	14	202	638	574	1065	1.39e-56	207
tr|A0A835XY76|A0A835XY76_9CHLO	Cre06.g280475.t1.2	59.7	1109	386	17	8	1064	9	1108	0.0	1174
tr|A0A835WWV1|A0A835WWV1_9CHLO	Cre09.g390750.t1.1	72.9	764	186	5	659	1422	58	800	0.0	1229
tr|A0A835WSD2|A0A835WSD2_9CHLO	Cre12.g510550.t1.2	76.4	912	175	10	1	905	2	880	4.47e-302	857
tr|A0A835Y507|A0A835Y507_9CHLO	Cre01.g037751.t1.1	64.2	81	18	2	6	75	5	85	2.02e-17	87.8
tr|A0A836B1T8|A0A836B1T8_CHLIN	Cre01.g033832.t1.1	89.9	586	57	2	1	585	1	585	0.0	1003
tr|A0A835SYI2|A0A835SYI2_CHLIN	Cre12.g553750.t1.1	66.5	1508	420	25	1	1463	1	1468	0.0	1006
tr|A0A835YGD6|A0A835YGD6_9CHLO	Cre10.g436100.t2.1	59.4	1097	364	16	1	1047	1	1066	0.0	1127
tr|A0A250XB86|A0A250XB86_9CHLO	Cre12.g542000.t1.1	60.4	134	50	2	1	133	1	132	2.45e-51	160
tr|D8UKI9|D8UKI9_VOLCA	Cre07.g334300.t1.1	26.3	631	310	10	43	667	2134	2615	2.91e-58	214
tr|A0A835VUS6|A0A835VUS6_CHLIN	Cre06.g310800.t1.1	51.4	1789	585	47	311	1956	576	2223	1.32e-159	543
tr|A0A2K3CR70|A0A2K3CR70_CHLRE	Cre17.g733800.t1.1	100	2945	0	0	1	2945	1	2945	0.0	2744
tr|A0A835WSD9|A0A835WSD9_9CHLO	Cre08.g382150.t1.1	82.0	1436	230	11	44	1466	102	1521	0.0	1668
tr|A0A7S0X1Z1|A0A7S0X1Z1_9CHLO	Cre02.g110750.t1.2	73.6	314	83	0	69	382	71	384	6.36e-161	457
tr|A0A2K3CR91|A0A2K3CR91_CHLRE	Cre17.g734350.t1.1	100	1694	0	0	1	1694	1	1694	0.0	2537
tr|D8U434|D8U434_VOLCA	Cre16.g651900.t1.1	37.8	596	250	15	94	606	121	678	1.38e-71	259
tr|A0A7S0R3Z7|A0A7S0R3Z7_9CHLO	Cre02.g102850.t1.1	54.0	87	39	1	46	132	239	324	2.52e-20	85.5
tr|A0A2K3E7S9|A0A2K3E7S9_CHLRE	Cre01.g046250.t1.2	100	618	0	0	1	618	1	618	0.0	910
tr|D8TML2|D8TML2_VOLCA	Cre09.g392000.t2.1	59.8	1184	319	12	6	1064	4	1155	0.0	1053
tr|A0A835VNQ6|A0A835VNQ6_CHLIN	Cre15.g639150.t2.1	80.6	930	129	5	1	881	1	928	0.0	1120
tr|D8TMM5|D8TMM5_VOLCA	Cre09.g392900.t1.1	36.9	2805	888	68	202	2372	206	2739	2.26e-297	952
tr|A0A150GA74|A0A150GA74_GONPE	Cre06.g288700.t1.2	87.5	1097	129	5	3	1098	2	1091	0.0	1914
tr|A0A835XL87|A0A835XL87_9CHLO	Cre14.g625050.t1.1	61.8	259	90	3	740	989	937	1195	1.09e-95	328
tr|A0A7S0RME0|A0A7S0RME0_9CHLO	Cre07.g337300.t1.1	41.0	1311	511	30	15	1116	3	1260	4.55e-239	715
tr|A0A835T2J0|A0A835T2J0_CHLIN	Cre16.g668150.t1.2	88.8	634	68	2	1	631	1	634	8.05e-224	636
tr|A0A250XD29|A0A250XD29_9CHLO	Cre03.g144767.t1.1	33.5	331	174	9	10	314	18	328	5.88e-47	161
tr|A0A835SN59|A0A835SN59_CHLIN	Cre06.g288350.t1.1	84.1	643	86	4	1	630	1	640	1.77e-203	584
tr|A0A2K3CYW3|A0A2K3CYW3_CHLRE	Cre14.g633300.t1.1	100	5337	0	0	1	5337	1	5337	0.0	6268
tr|A0A835VUJ7|A0A835VUJ7_CHLIN	Cre09.g397771.t1.1	51.6	3364	1033	55	290	3417	334	3353	0.0	1172
tr|A0A835SSG1|A0A835SSG1_CHLIN	Cre02.g074300.t1.1	61.5	3593	1044	67	1	3428	1	3419	0.0	2475
tr|A0A150H2Z6|A0A150H2Z6_GONPE	Cre03.g174500.t1.1	64.6	418	128	5	24	439	1255	1654	2.20e-155	488
tr|A0A2K3DUN8|A0A2K3DUN8_CHLRE	Cre04.g226800.t1.1	100	131	0	0	1	131	1	131	1.07e-100	283
tr|A0A835T7K8|A0A835T7K8_CHLIN	Cre02.g084500.t1.1	42.4	1062	429	27	5	939	170	1175	2.26e-141	454
tr|A0A835T4Q5|A0A835T4Q5_CHLIN	Cre09.g410500.t2.1	62.4	2466	676	34	93	2374	90	2489	0.0	1122
tr|D9CJ73|D9CJ73_VOLCA	Cre06.g258363.t1.2	36.9	436	186	7	633	980	1195	1629	3.44e-49	194
tr|A8J0Y0|A8J0Y0_CHLRE	Cre02.g146400.t1.2	100	268	0	0	1	268	1	268	6.82e-194	530
tr|A0A150G448|A0A150G448_GONPE	Cre03.g193300.t1.2	79.9	199	36	3	14	208	76	274	7.31e-103	298
tr|A0A7R9V919|A0A7R9V919_9CHLO	Cre12.g490000.t1.2	78.8	316	65	2	4	317	5	320	1.32e-169	474
tr|D8UIL6|D8UIL6_VOLCA	Cre03.g144564.t1.1	39.6	555	254	17	46	557	166	682	5.90e-120	372
tr|A0A835SR43|A0A835SR43_CHLIN	Cre17.g738800.t1.2	72.4	714	102	8	1	668	1	665	3.17e-180	527
tr|A0A835VY94|A0A835VY94_CHLIN	Cre11.g468350.t1.2	83.1	620	86	5	1	608	1	613	0.0	945
tr|A0A835Y8B1|A0A835Y8B1_9CHLO	Cre03.g195900.t1.1	43.4	235	103	3	553	757	558	792	8.22e-32	134
tr|A0A7S0UTA5|A0A7S0UTA5_9CHLO	Cre03.g154850.t1.1	63.5	222	80	1	12	232	2	223	2.08e-100	293
tr|A0A835WP14|A0A835WP14_9CHLO	Cre03.g175600.t1.1	43.4	4514	1798	140	67	4460	314	4183	0.0	1568
tr|A0A835WJB2|A0A835WJB2_9CHLO	Cre03.g192450.t1.1	50.0	4508	1506	151	26	4338	168	4132	0.0	2300
tr|A0A835VXG9|A0A835VXG9_CHLIN	Cre10.g437300.t1.1	55.9	4178	1314	95	70	3907	97	4089	0.0	2808
tr|A0A835SKW2|A0A835SKW2_CHLIN	Cre04.g227500.t1.1	63.1	5695	1631	93	5	5437	58	5533	0.0	4175
tr|A0A835SUQ0|A0A835SUQ0_CHLIN	Cre10.g464800.t1.2	71.5	2124	462	36	28	2085	29	2074	0.0	2300
tr|A0A835S8U8|A0A835S8U8_CHLIN	Cre02.g115600.t1.1	72.7	1524	306	27	1	1461	1	1477	0.0	1622
tr|A0A836BNF9|A0A836BNF9_9CHLO	Cre02.g118350.t1.1	33.4	922	474	17	10	913	5	804	1.28e-79	286
tr|D8U3E6|D8U3E6_VOLCA	Cre05.g233850.t1.1	33.3	908	338	26	1	703	8	852	1.06e-83	297
tr|A0A250XCT8|A0A250XCT8_9CHLO	Cre13.g562475.t1.1	70.7	280	81	1	1	280	1	279	9.70e-147	412
tr|A0A7S0RTI0|A0A7S0RTI0_9CHLO	Cre03.g182500.t1.2	45.1	787	341	22	2	742	4	745	3.97e-140	429
tr|A0A7S0UUU6|A0A7S0UUU6_9CHLO	Cre03.g167550.t1.1	27.0	1628	729	23	18	1641	977	2148	3.12e-111	394
tr|A0A699Z6K2|A0A699Z6K2_HAELA	Cre02.g143500.t1.1	27.4	248	170	6	129	371	40	282	3.48e-16	82.8
tr|A0A835T0V6|A0A835T0V6_9CHLO	Cre02.g074758.t1.1	48.9	2019	711	64	48	2002	32	1793	0.0	1137
tr|A0A835VW61|A0A835VW61_CHLIN	Cre12.g483500.t1.1	82.0	6635	1037	52	1	6569	1	6538	0.0	9109
tr|A0A835T2H6|A0A835T2H6_CHLIN	Cre07.g340450.t1.1	85.7	4947	648	22	1	4933	49	4950	0.0	7998
tr|A0A835XMM8|A0A835XMM8_9CHLO	Cre01.g007651.t1.1	51.7	1095	346	17	24	1003	2	1028	1.07e-143	459
tr|A0A835WQ43|A0A835WQ43_9CHLO	Cre04.g211750.t1.1	86.2	261	33	2	1	261	138	395	1.85e-160	451
tr|A0A835T479|A0A835T479_CHLIN	Cre06.g268700.t1.1	93.7	819	52	0	1	819	1	819	2.15e-276	784
tr|A0A2K3DBN2|A0A2K3DBN2_CHLRE	Cre10.g457331.t1.1	100	3135	0	0	1	3135	1	3135	0.0	5430
tr|A0A836B2J9|A0A836B2J9_CHLIN	Cre12.g497700.t1.2	90.5	398	38	0	15	412	13	410	1.06e-256	702
tr|A0A835XK00|A0A835XK00_9CHLO	Cre17.g741750.t1.1	39.5	215	84	4	3382	3567	3152	3349	4.14e-22	106
tr|K0J970|K0J970_9CHLO	Cre13.g568650.t1.2	83.3	245	41	0	1	245	1	245	4.95e-149	416
tr|A0A835YBW7|A0A835YBW7_9CHLO	Cre03.g185400.t1.1	32.4	376	177	14	307	661	139	458	6.62e-39	154
tr|A0A836BMG7|A0A836BMG7_9CHLO	Cre08.g368500.t1.2	75.4	175	43	0	12	186	7	181	3.69e-95	274
tr|A0A2K3D7X9|A0A2K3D7X9_CHLRE	Cre11.g467756.t1.1	100	567	0	0	1	567	1	567	0.0	966
tr|A0A836B8Y8|A0A836B8Y8_9CHLO	Cre16.g685250.t1.2	84.7	1566	204	4	1	1565	1	1532	0.0	2409
tr|A0A2K3CPC2|A0A2K3CPC2_CHLRE	Cre17.g707600.t1.2	100	327	0	0	1	327	1	327	1.16e-152	431
tr|A0A835Y1R7|A0A835Y1R7_9CHLO	Cre01.g003475.t1.1	50.5	525	237	9	310	819	21	537	7.41e-167	498
tr|A0A699Z6E2|A0A699Z6E2_HAELA	Cre12.g491500.t1.2	54.7	53	24	0	33	85	348	400	2.70e-13	67.8
tr|A0A835Y389|A0A835Y389_9CHLO	Cre16.g675637.t1.1	54.3	70	32	0	984	1053	22	91	1.37e-17	79.0
tr|A0A835Y416|A0A835Y416_9CHLO	Cre10.g449750.t1.1	48.3	24414	8378	606	120	20964	116	23856	0.0	13959
tr|A0A250X3K2|A0A250X3K2_9CHLO	Cre07.g327000.t1.2	33.5	547	264	13	19	497	9	523	4.77e-64	223
tr|A0A7S0X0W8|A0A7S0X0W8_9CHLO	Cre12.g541300.t1.2	63.4	279	67	3	202	452	276	547	1.37e-104	337
tr|A0A835SLC6|A0A835SLC6_CHLIN	Cre02.g095053.t1.1	46.2	1121	522	20	1	1071	149	1238	6.24e-159	514
tr|A0A835WRE4|A0A835WRE4_9CHLO	Cre12.g510200.t1.2	71.4	384	77	9	1	382	1	353	3.46e-131	380
tr|A0A2K3DS38|A0A2K3DS38_CHLRE	Cre05.g230700.t1.2	100	638	0	0	1	638	1	638	0.0	1168
tr|A0A2K3DSL7|A0A2K3DSL7_CHLRE	Cre05.g234600.t1.1	100	2005	0	0	1	2005	1	2005	0.0	2066
tr|A0A835T6K5|A0A835T6K5_9CHLO	Cre12.g541904.t1.2	56.0	905	243	14	5	857	84	885	1.09e-184	555
tr|A0A150H2W0|A0A150H2W0_GONPE	Cre07.g324550.t1.1	72.1	348	97	0	18	365	65	412	4.64e-180	506
tr|A0A836BR11|A0A836BR11_9CHLO	Cre16.g695218.t1.2	55.6	295	122	4	575	867	720	1007	2.53e-84	293
tr|A0A250WQA8|A0A250WQA8_9CHLO	Cre10.g436200.t1.1	28.0	717	371	21	943	1568	1440	2102	4.91e-45	181
tr|D8TTM4|D8TTM4_VOLCA	Cre17.g719522.t1.2	40.9	1139	273	24	176	1128	1	925	5.63e-128	414
tr|A0A150FXD3|A0A150FXD3_GONPE	Cre12.g549427.t1.1	71.3	742	140	7	62	768	104	807	0.0	1006
tr|A0A150GKF5|A0A150GKF5_GONPE	Cre08.g368050.t1.2	71.3	122	28	1	20	134	39	160	3.36e-56	175
tr|A0A835SNK7|A0A835SNK7_9CHLO	Cre01.g008850.t1.1	55.2	3193	959	66	540	3554	496	3401	8.19e-274	928
tr|A0A250XL59|A0A250XL59_9CHLO	Cre12.g512250.t1.1	46.3	542	208	11	26	543	6	488	4.83e-118	395
tr|A0A836BW14|A0A836BW14_9CHLO	Cre17.g708450.t1.1	55.4	547	231	7	1	542	183	721	9.44e-205	594
tr|A0A150GBB4|A0A150GBB4_GONPE	Cre09.g400450.t3.1	37.8	429	176	8	127	469	1292	1715	1.10e-66	232
tr|A0A7R9V637|A0A7R9V637_9CHLO	Cre06.g270750.t1.1	73.2	213	57	0	6	218	51	263	5.46e-103	317
tr|A0A250XDT9|A0A250XDT9_9CHLO	Cre13.g572050.t1.1	30.7	2342	1162	56	1485	3540	1371	3538	2.91e-180	629
tr|A0A7S3QRI6|A0A7S3QRI6_DUNTE	Cre17.g697934.t1.2	54.9	91	39	2	93	182	232	321	1.08e-22	92.8
tr|A0A835XX80|A0A835XX80_9CHLO	Cre02.g140900.t1.1	30.1	415	187	15	16	348	123	516	4.74e-23	102
tr|A0A2K3DU17|A0A2K3DU17_CHLRE	Cre04.g211650.t1.2	100	266	0	0	1	266	1	266	9.57e-184	504
tr|D8TZ56|D8TZ56_VOLCA	Cre07.g354850.t1.2	36.4	1482	656	44	533	1846	41	1404	1.27e-219	690
tr|A0A7R9Z382|A0A7R9Z382_9CHLO	Cre03.g178050.t1.1	45.2	361	181	9	48	398	23	376	8.65e-85	266
tr|A0A2K3CS73|A0A2K3CS73_CHLRE	Cre17.g747447.t1.1	100	251	0	0	1	251	1	251	1.47e-143	402
tr|A0A835SNQ1|A0A835SNQ1_CHLIN	Cre06.g303171.t1.2	63.7	1593	519	25	70	1637	31	1589	0.0	1410
tr|A0A250WSQ8|A0A250WSQ8_9CHLO	Cre09.g401700.t1.2	37.3	1223	584	23	2	1073	7	1197	5.01e-156	495
tr|A0A2J7ZY51|A0A2J7ZY51_9CHLO	Cre15.g635067.t1.1	58.8	447	166	3	3	431	2	448	1.01e-167	523
tr|A0A150H358|A0A150H358_GONPE	Cre10.g429050.t1.1	79.0	310	60	1	1156	1460	1947	2256	4.38e-142	484
tr|A0A250X2V0|A0A250X2V0_9CHLO	Cre07.g318551.t1.1	54.5	123	52	2	1159	1281	919	1037	9.85e-33	139
tr|A0A2J8A051|A0A2J8A051_9CHLO	Cre16.g672200.t1.1	42.7	4655	1724	160	95	4463	195	4202	0.0	1437
tr|A0A150H2Y5|A0A150H2Y5_GONPE	Cre03.g176300.t1.1	37.8	749	233	12	15	540	144	882	5.93e-123	382
tr|J7MB60|J7MB60_9CHLO	Cre09.g411900.t1.1	80.9	450	85	1	35	483	38	487	1.19e-264	728
tr|A0A2J8A518|A0A2J8A518_9CHLO	Cre03.g166850.t1.1	45.4	401	146	7	275	617	1569	1954	1.62e-81	293
tr|A0A835WJ60|A0A835WJ60_9CHLO	Cre01.g038650.t1.2	88.6	271	31	0	1	271	1	271	2.18e-108	314
tr|A0A835SRL9|A0A835SRL9_9CHLO	Cre01.g055500.t1.1	65.7	1481	369	35	1	1426	1	1397	4.79e-275	837
tr|A0A2K3DFR1|A0A2K3DFR1_CHLRE	Cre09.g412750.t1.2	100	1389	0	0	1	1389	1	1389	0.0	2231
tr|N0DUZ8|N0DUZ8_9CHLO	Cre06.g255450.t1.1	49.8	1230	478	21	33	1174	30	1208	0.0	971
tr|A0A835W8I9|A0A835W8I9_CHLIN	Cre16.g690900.t1.2	85.5	420	47	4	1	413	1	413	9.28e-214	593
tr|A0A2J7ZU46|A0A2J7ZU46_9CHLO	Cre11.g467523.t1.1	47.6	720	314	9	1	715	118	779	1.38e-178	536
tr|A0A7S0VD46|A0A7S0VD46_9CHLO	Cre07.g342250.t1.2	47.4	135	65	2	12	140	8	142	3.83e-29	103
tr|A0A2K3E5R3|A0A2K3E5R3_CHLRE	Cre01.g016100.t1.1	100	455	0	0	1	455	1	455	0.0	929
tr|A0A835T6C7|A0A835T6C7_CHLIN	Cre17.g723050.t1.1	58.5	3472	1098	64	255	3603	52	3304	0.0	2164
tr|A0A150GLN6|A0A150GLN6_GONPE	Cre14.g630750.t1.1	35.1	636	288	25	14	575	136	720	1.07e-64	241
tr|A0A836C3U1|A0A836C3U1_9CHLO	Cre16.g668750.t1.1	37.7	3293	1244	81	16	2937	1	2860	4.01e-247	843
tr|A0A7S0V557|A0A7S0V557_9CHLO	Cre03.g145887.t1.1	52.7	241	104	4	148	388	120	350	1.92e-69	223
tr|A0A250X031|A0A250X031_9CHLO	Cre14.g626634.t1.1	28.6	2170	883	49	6	1618	25	2079	5.19e-160	537
tr|A0A7S0YBE0|A0A7S0YBE0_9CHLO	Cre03.g167600.t1.2	46.6	551	248	5	259	806	359	866	3.51e-137	437
tr|A0A2J8AEV7|A0A2J8AEV7_9CHLO	Cre03.g158300.t1.1	30.2	1260	422	31	34	840	240	1494	3.47e-89	322
tr|A0A835W8N8|A0A835W8N8_CHLIN	Cre03.g146227.t1.1	76.2	952	174	10	1	904	1	947	0.0	1194
tr|A0A150GB35|A0A150GB35_GONPE	Cre03.g149800.t1.1	59.1	2203	452	23	1	1794	101	2275	0.0	2105
tr|A0A7S3VV62|A0A7S3VV62_DUNTE	Cre01.g040050.t1.1	34.4	393	104	5	54	383	114	415	2.85e-57	193
tr|A0A2J7ZRW8|A0A2J7ZRW8_9CHLO	Cre16.g681014.t1.1	39.9	348	138	10	447	759	1041	1352	4.81e-49	191
tr|A0A2J8AJX5|A0A2J8AJX5_9CHLO	Cre12.g524500.t1.2	58.9	343	93	6	115	454	164	461	2.25e-116	349
tr|A0A835YB40|A0A835YB40_9CHLO	Cre16.g682550.t3.1	52.0	75	31	2	457	528	1140	1212	2.25e-11	68.6
tr|A0A2J7ZYJ7|A0A2J7ZYJ7_9CHLO	Cre02.g096250.t1.2	50.2	207	70	4	139	327	3	194	4.01e-50	174
tr|D8U4H2|D8U4H2_VOLCA	Cre08.g370550.t1.1	67.6	593	109	4	16	525	4	596	3.77e-268	743
tr|A0A699Z2Q7|A0A699Z2Q7_HAELA	Cre08.g375084.t2.1	68.6	86	27	0	136	221	86	171	7.86e-28	119
tr|A0A7S0RF59|A0A7S0RF59_9CHLO	Cre11.g467523.t1.1	47.7	346	152	7	3	333	387	718	1.67e-81	266
tr|A0A835SLU4|A0A835SLU4_CHLIN	Cre14.g616589.t1.2	51.0	241	63	3	55	243	1	238	7.70e-44	148
tr|A0A835XV88|A0A835XV88_9CHLO	Cre02.g147750.t1.2	44.2	1024	378	20	8	889	5	977	1.65e-157	501
tr|A0A2J7ZKI0|A0A2J7ZKI0_9CHLO	Cre12.g522950.t1.2	87.6	330	36	2	21	350	26	350	8.67e-195	540
tr|A0A835YP44|A0A835YP44_9CHLO	Cre06.g274400.t1.2	85.3	251	37	0	7	257	6	256	8.25e-164	455
tr|A0A250XND3|A0A250XND3_9CHLO	Cre12.g527850.t1.1	38.0	137	68	1	5	124	31	167	6.69e-26	99.8
tr|A0A7S3QLH0|A0A7S3QLH0_DUNTE	Cre10.g453807.t2.1	49.2	520	197	9	59	557	46	519	5.03e-152	448
tr|A0A2J7ZUE2|A0A2J7ZUE2_9CHLO	Cre06.g266950.t1.1	68.1	72	18	1	760	826	911	982	1.62e-22	105
tr|A0A2K3E7Y7|A0A2K3E7Y7_CHLRE	Cre01.g049900.t1.1	100	445	0	0	1	445	1	445	5.56e-296	803
tr|A0A2J8ACB6|A0A2J8ACB6_9CHLO	Cre10.g466400.t2.1	43.2	234	85	8	71	270	132	351	3.50e-26	106
tr|A0A835WBN5|A0A835WBN5_CHLIN	Cre01.g017450.t1.1	83.6	725	116	2	1	725	13	734	0.0	1018
tr|D8U0G9|D8U0G9_VOLCA	Cre16.g652750.t1.2	46.4	824	311	11	720	1430	36	841	2.13e-157	540
tr|A0A835SXD2|A0A835SXD2_CHLIN	Cre10.g454450.t1.1	90.7	375	21	3	1	373	129	491	4.42e-232	640
tr|A0A835WBP4|A0A835WBP4_CHLIN	Cre01.g018200.t1.1	64.9	3069	793	40	1	2963	1	2891	0.0	2014
tr|A0A699Z0K2|A0A699Z0K2_HAELA	Cre09.g416550.t1.2	59.4	101	35	2	4	102	55	151	1.01e-23	94.4
tr|A0A150G6Q4|A0A150G6Q4_GONPE	Cre03.g206650.t1.2	43.5	416	146	8	1	412	287	617	3.19e-71	235
tr|A0A835SV97|A0A835SV97_CHLIN	Cre11.g467629.t2.1	76.9	2994	495	43	499	3385	59	2962	0.0	3930
tr|A0A150GSU0|A0A150GSU0_GONPE	Cre12.g525100.t1.2	38.5	697	390	11	157	833	754	1431	3.02e-84	294
tr|A0A835SMN7|A0A835SMN7_CHLIN	Cre07.g351700.t1.2	99.4	171	1	0	1	171	1	171	5.42e-118	330
tr|A0A250X781|A0A250X781_9CHLO	Cre02.g109050.t1.2	36.0	186	94	2	491	673	670	833	8.51e-24	107
tr|A0A150GAV7|A0A150GAV7_GONPE	Cre10.g457550.t1.2	74.5	208	31	1	29	214	55	262	2.20e-95	286
tr|D8UGC6|D8UGC6_VOLCA	Cre03.g201900.t1.1	70.9	820	183	5	1	771	1	813	1.70e-317	887
tr|A0A835TAP9|A0A835TAP9_CHLIN	Cre07.g342750.t1.1	80.5	473	49	4	608	1061	23	471	1.00e-236	678
tr|A0A2K3E3M4|A0A2K3E3M4_CHLRE	Cre02.g147350.t1.2	100	1024	0	0	1	1024	1	1024	0.0	1600
tr|A0A699ZRF3|A0A699ZRF3_HAELA	Cre03.g211073.t1.1	43.7	190	65	1	142	289	449	638	2.03e-40	149
