g1004.t1	tr|D8TQ30|D8TQ30_VOLCA	70.994	493	492	486	0.0	664	99
g10153.t1	tr|A0A2K3CW68|A0A2K3CW68_CHLRE	56.271	295	1196	2764	1.06e-100	349	24
g10153.t1	tr|A0A835T9S6|A0A835T9S6_CHLIN	58.478	289	1196	1856	2.85e-100	347	24
g10153.t1	tr|A0A835T0V6|A0A835T0V6_9CHLO	55.096	314	1196	2002	1.79e-98	342	26
g10153.t1	tr|A0A835Y443|A0A835Y443_9CHLO	47.279	294	1196	1354	2.84e-86	303	24
g10153.t1	tr|A0A150GRG7|A0A150GRG7_GONPE	67.692	195	1196	438	3.64e-82	272	16
g10153.t1	tr|A0A835YBW2|A0A835YBW2_9CHLO	48.947	190	1196	2287	5.48e-49	187	16
g10186.t1	tr|D8U0G9|D8U0G9_VOLCA	37.176	347	997	2492	4.08e-62	227	35
g10186.t1	tr|A0A835T6C7|A0A835T6C7_CHLIN	36.203	395	997	3726	5.48e-61	224	37
g10206.t1	tr|A0A835TG42|A0A835TG42_CHLIN	93.773	273	273	797	1.10e-146	426	100
g10255.t1	tr|A0A2K3CW68|A0A2K3CW68_CHLRE	100.000	264	285	2764	3.11e-158	484	93
g10255.t1	tr|A0A835T0V6|A0A835T0V6_9CHLO	74.576	177	285	2002	4.27e-85	274	62
g10255.t1	tr|A0A150GRG7|A0A150GRG7_GONPE	66.000	150	285	438	1.44e-62	200	53
g10255.t1	tr|A0A835T9S6|A0A835T9S6_CHLIN	63.291	158	285	1856	2.17e-62	209	55
g10255.t1	tr|A0A835Y443|A0A835Y443_9CHLO	46.497	157	285	1354	1.31e-45	160	55
g10255.t1	tr|A0A835YBW2|A0A835YBW2_9CHLO	48.993	149	285	2287	3.48e-38	139	52
g10294.t1	tr|A0A835T7L9|A0A835T7L9_CHLIN	45.411	207	1215	1756	6.74e-34	138	17
g10390.t1	tr|A0A835SUQ0|A0A835SUQ0_CHLIN	51.938	129	938	2087	7.91e-26	111	25
g10390.t1	tr|A0A835SUQ0|A0A835SUQ0_CHLIN	46.729	107	938	2087	1.75e-17	84.0	25
g10390.t1	tr|A0A835XG35|A0A835XG35_9CHLO	37.838	185	938	1559	4.02e-24	105	28
g10390.t1	tr|A0A835XG35|A0A835XG35_9CHLO	43.443	122	938	1559	2.66e-13	70.5	28
g10401.t1	tr|A0A2J7ZZC2|A0A2J7ZZC2_9CHLO	32.374	139	173	2436	1.46e-17	75.5	80
g10487.t1	tr|A0A835TCJ4|A0A835TCJ4_CHLIN	27.273	143	604	3127	7.48e-13	68.2	22
g10523.t1	tr|A0A836BAU5|A0A836BAU5_9CHLO	84.979	466	427	595	0.0	671	100
g10538.t1	tr|A0A150H1Z0|A0A150H1Z0_GONPE	24.424	217	625	865	9.91e-13	67.4	32
g10570.t1	tr|A0A835SUQ0|A0A835SUQ0_CHLIN	61.530	863	963	2087	0.0	921	89
g10570.t1	tr|A0A835XG35|A0A835XG35_9CHLO	33.613	833	963	1559	2.37e-85	297	85
g10570.t1	tr|A0A836C725|A0A836C725_9CHLO	48.503	167	963	1448	4.97e-34	137	17
g10570.t1	tr|A0A835SQ00|A0A835SQ00_CHLIN	40.994	161	963	2810	2.05e-27	116	17
g10570.t1	tr|A0A2K3DLN4|A0A2K3DLN4_CHLRE	52.041	98	963	4704	8.32e-25	108	10
g10570.t1	tr|A0A835WJB2|A0A835WJB2_9CHLO	49.074	108	963	4342	7.91e-22	98.6	11
g10570.t1	tr|A0A835XJL6|A0A835XJL6_9CHLO	47.059	102	963	3479	5.18e-21	95.9	11
g10570.t1	tr|A0A2K3DYX1|A0A2K3DYX1_CHLRE	39.785	93	963	5140	1.11e-13	72.0	10
g10686.t1	tr|A0A150H2W0|A0A150H2W0_GONPE	21.583	278	288	366	2.82e-12	62.4	89
g10782.t1	tr|A0A836BPY0|A0A836BPY0_9CHLO	75.728	206	207	795	1.37e-79	249	99
g10785.t1	tr|A0A835XG35|A0A835XG35_9CHLO	37.091	825	1467	1559	5.75e-95	334	82
g10785.t1	tr|A0A835XG35|A0A835XG35_9CHLO	35.768	534	1467	1559	3.23e-62	230	82
g10785.t1	tr|A0A835SUQ0|A0A835SUQ0_CHLIN	48.175	274	1467	2087	1.33e-56	213	72
g10785.t1	tr|A0A835SUQ0|A0A835SUQ0_CHLIN	43.396	265	1467	2087	2.75e-48	186	72
g10785.t1	tr|A0A835SUQ0|A0A835SUQ0_CHLIN	31.720	558	1467	2087	4.61e-48	185	72
g10785.t1	tr|A0A835SUQ0|A0A835SUQ0_CHLIN	56.962	79	1467	2087	2.56e-18	87.8	72
g10785.t1	tr|A0A836C725|A0A836C725_9CHLO	44.751	181	1467	1448	1.52e-32	134	27
g10785.t1	tr|A0A836C725|A0A836C725_9CHLO	34.263	251	1467	1448	2.10e-23	104	27
g10785.t1	tr|A0A835XJL6|A0A835XJL6_9CHLO	53.684	95	1467	3479	3.83e-24	107	6
g10785.t1	tr|A0A2K3DLN4|A0A2K3DLN4_CHLRE	49.505	101	1467	4704	6.41e-23	103	16
g10785.t1	tr|A0A2K3DLN4|A0A2K3DLN4_CHLRE	34.194	155	1467	4704	4.43e-11	63.9	16
g10785.t1	tr|A0A835SQ00|A0A835SQ00_CHLIN	40.441	136	1467	2810	1.72e-22	101	9
g10785.t1	tr|A0A835WJB2|A0A835WJB2_9CHLO	51.818	110	1467	4342	3.42e-22	100	7
g10785.t1	tr|A0A2K3DYX1|A0A2K3DYX1_CHLRE	37.500	96	1467	5140	3.31e-13	71.2	7
g10812.t1	tr|A0A250XJ57|A0A250XJ57_9CHLO	30.435	230	370	1022	9.28e-23	96.3	62
g10821.t1	tr|D8U434|D8U434_VOLCA	37.736	159	358	1027	3.86e-12	63.5	42
g10847.t1	tr|A0A836B808|A0A836B808_9CHLO	26.906	669	846	1523	6.68e-37	146	77
g10922.t1	tr|A0A835T0V6|A0A835T0V6_9CHLO	85.600	375	823	2002	0.0	633	64
g10922.t1	tr|A0A835T0V6|A0A835T0V6_9CHLO	72.093	172	823	2002	9.06e-65	233	64
g10922.t1	tr|A0A2K3CW68|A0A2K3CW68_CHLRE	74.110	309	823	2764	1.34e-144	468	56
g10922.t1	tr|A0A2K3CW68|A0A2K3CW68_CHLRE	52.532	158	823	2764	7.53e-39	152	56
g10922.t1	tr|A0A835T9S6|A0A835T9S6_CHLIN	58.394	274	823	1856	6.59e-96	325	33
g10922.t1	tr|A0A150GRG7|A0A150GRG7_GONPE	65.000	200	823	438	1.31e-78	257	24
g10922.t1	tr|A0A835Y443|A0A835Y443_9CHLO	46.071	280	823	1354	4.64e-71	251	53
g10922.t1	tr|A0A835Y443|A0A835Y443_9CHLO	31.395	172	823	1354	3.39e-19	89.4	53
g10922.t1	tr|A0A835YBW2|A0A835YBW2_9CHLO	46.354	192	823	2287	1.69e-45	173	23
g10968.t1	tr|A0A250XB56|A0A250XB56_9CHLO	58.791	182	953	182	6.88e-72	231	19
g11130.t1	tr|A0A2J8AD36|A0A2J8AD36_9CHLO	88.750	160	517	857	3.12e-100	317	62
g11130.t1	tr|A0A2J8AD36|A0A2J8AD36_9CHLO	70.122	164	517	857	2.82e-70	237	62
g11149.t1	tr|A0A150GRG7|A0A150GRG7_GONPE	64.740	173	193	438	2.54e-74	226	89
g11149.t1	tr|A0A835T9S6|A0A835T9S6_CHLIN	61.850	173	193	1856	1.40e-68	223	89
g11149.t1	tr|A0A835T0V6|A0A835T0V6_9CHLO	59.893	187	193	2002	2.67e-68	222	94
g11149.t1	tr|A0A2K3CW68|A0A2K3CW68_CHLRE	59.677	186	193	2764	9.92e-68	220	92
g11149.t1	tr|A0A835Y443|A0A835Y443_9CHLO	51.724	174	193	1354	4.58e-57	189	89
g11149.t1	tr|A0A835YBW2|A0A835YBW2_9CHLO	45.509	167	193	2287	2.21e-41	144	85
g11218.t1	tr|A0A835TPX6|A0A835TPX6_CHLIN	40.491	163	176	354	8.56e-33	116	93
g11286.t1	tr|D8U306|D8U306_VOLCA	32.796	186	184	333	3.30e-24	93.2	100
g11333.t1	tr|D8UFI3|D8UFI3_VOLCA	74.286	210	222	225	2.73e-115	325	95
g11617.t1	tr|A0A835YDE0|A0A835YDE0_9CHLO	28.487	337	1564	1600	2.20e-19	91.3	20
g1168.t1	tr|A0A2K3CW68|A0A2K3CW68_CHLRE	47.778	90	789	2764	7.34e-16	78.6	11
g1168.t1	tr|A0A835T9S6|A0A835T9S6_CHLIN	27.586	203	789	1856	1.38e-15	77.4	26
g1168.t1	tr|A0A835T0V6|A0A835T0V6_9CHLO	29.064	203	789	2002	1.01e-14	74.7	26
g11826.t1	tr|A0A2J7ZMF7|A0A2J7ZMF7_9CHLO	33.036	112	382	1527	2.50e-12	64.7	29
g12194.t1	tr|A0A345K516|A0A345K516_9CHLO	70.225	178	239	419	1.36e-75	231	70
g12207.t1	tr|A0A150GTX6|A0A150GTX6_GONPE	37.313	268	289	1315	1.27e-33	126	93
g12210.t1	tr|A0A835T9S6|A0A835T9S6_CHLIN	58.000	200	239	1856	2.96e-70	229	75
g12210.t1	tr|A0A835T0V6|A0A835T0V6_9CHLO	59.184	196	239	2002	1.22e-68	225	72
g12210.t1	tr|A0A2K3CW68|A0A2K3CW68_CHLRE	57.143	196	239	2764	1.59e-68	224	73
g12210.t1	tr|A0A150GRG7|A0A150GRG7_GONPE	54.082	196	239	438	1.58e-63	201	74
g12210.t1	tr|A0A835Y443|A0A835Y443_9CHLO	43.627	204	239	1354	9.83e-50	171	77
g12210.t1	tr|A0A835YBW2|A0A835YBW2_9CHLO	39.574	235	239	2287	6.16e-42	148	87
g12317.t1	tr|A0A699ZUB9|A0A699ZUB9_HAELA	50.000	74	474	490	2.70e-14	70.9	15
g12384.t1	tr|A0A835Y416|A0A835Y416_9CHLO	31.013	158	241	20967	2.28e-13	65.5	59
g12388.t1	tr|A0A835SUQ0|A0A835SUQ0_CHLIN	61.034	290	345	2087	3.03e-97	311	73
g12388.t1	tr|A0A835XG35|A0A835XG35_9CHLO	37.124	299	345	1559	2.13e-37	139	65
g12388.t1	tr|A0A836C725|A0A836C725_9CHLO	35.088	228	345	1448	3.38e-18	82.0	62
g12388.t1	tr|A0A835SQ00|A0A835SQ00_CHLIN	34.946	186	345	2810	7.71e-14	68.9	52
g12388.t1	tr|A0A2K3DLN4|A0A2K3DLN4_CHLRE	36.486	148	345	4704	1.87e-13	67.8	41
g12502.t1	tr|A0A150GTX6|A0A150GTX6_GONPE	26.869	495	774	1315	3.46e-16	79.3	63
g12589.t1	tr|A0A836BAU5|A0A836BAU5_9CHLO	72.269	119	239	595	1.40e-47	162	47
g12619.t1	tr|A0A2K3CW68|A0A2K3CW68_CHLRE	36.076	158	278	2764	8.29e-18	79.7	45
g12619.t1	tr|A0A835T0V6|A0A835T0V6_9CHLO	33.333	201	278	2002	2.68e-16	75.1	61
g12619.t1	tr|A0A835T9S6|A0A835T9S6_CHLIN	30.968	155	278	1856	5.57e-14	68.2	45
g12619.t1	tr|A0A150GRG7|A0A150GRG7_GONPE	33.333	198	278	438	3.54e-11	59.3	58
g1272.t1	tr|A0A836C2C7|A0A836C2C7_9CHLO	56.744	215	216	494	1.32e-71	222	99
g12731.t1	tr|A0A150H2W0|A0A150H2W0_GONPE	35.556	270	442	366	4.67e-43	151	57
g12744.t1	tr|A0A835YDE0|A0A835YDE0_9CHLO	26.349	315	757	1600	6.05e-21	94.7	40
g12744.t1	tr|A0A699Z6K2|A0A699Z6K2_HAELA	27.143	350	757	611	2.03e-19	89.0	44
g12747.t1	tr|A0A2J7ZFC2|A0A2J7ZFC2_9CHLO	51.754	114	393	175	3.00e-26	100	28
g12747.t1	tr|D8UGC6|D8UGC6_VOLCA	35.417	96	393	772	2.80e-11	61.2	24
g12754.t1	tr|D8TM90|D8TM90_VOLCA	45.638	149	414	336	6.72e-42	147	36
g12920.t1	tr|A0A150GDH6|A0A150GDH6_GONPE	58.000	250	642	282	2.46e-70	226	39
g12920.t1	tr|A0A835SUQ0|A0A835SUQ0_CHLIN	45.928	307	642	2087	4.29e-52	190	48
g12920.t1	tr|A0A835XG35|A0A835XG35_9CHLO	34.930	355	642	1559	2.10e-32	130	49
g12920.t1	tr|A0A835XJL6|A0A835XJL6_9CHLO	41.525	118	642	3479	5.85e-13	68.6	18
g1306.t1	tr|A0A2K3CW68|A0A2K3CW68_CHLRE	55.721	201	922	2764	1.23e-62	228	28
g1306.t1	tr|A0A2K3CW68|A0A2K3CW68_CHLRE	44.444	63	922	2764	1.55e-11	64.7	28
g1306.t1	tr|A0A835T9S6|A0A835T9S6_CHLIN	56.410	195	922	1856	1.23e-61	224	27
g1306.t1	tr|A0A835T9S6|A0A835T9S6_CHLIN	56.897	58	922	1856	6.21e-16	79.0	27
g1306.t1	tr|A0A835T0V6|A0A835T0V6_9CHLO	58.209	201	922	2002	5.54e-61	223	21
g1306.t1	tr|A0A150GRG7|A0A150GRG7_GONPE	55.721	201	922	438	2.51e-57	200	22
g1306.t1	tr|A0A835Y443|A0A835Y443_9CHLO	44.737	190	922	1354	4.01e-46	176	20
g1306.t1	tr|A0A835YBW2|A0A835YBW2_9CHLO	43.111	225	922	2287	7.58e-39	153	24
g13088.t1	tr|A0A835SUQ0|A0A835SUQ0_CHLIN	62.500	728	1015	2087	0.0	769	75
g13088.t1	tr|A0A835SUQ0|A0A835SUQ0_CHLIN	91.111	45	1015	2087	2.42e-20	93.6	75
g13088.t1	tr|A0A835XG35|A0A835XG35_9CHLO	34.680	718	1015	1559	5.07e-77	273	67
g13088.t1	tr|A0A836C725|A0A836C725_9CHLO	42.795	229	1015	1448	1.44e-34	139	22
g13088.t1	tr|A0A835SQ00|A0A835SQ00_CHLIN	41.615	161	1015	2810	3.30e-28	119	16
g13088.t1	tr|A0A2K3DLN4|A0A2K3DLN4_CHLRE	52.041	98	1015	4704	1.67e-24	107	10
g13088.t1	tr|A0A835WJB2|A0A835WJB2_9CHLO	49.074	108	1015	4342	1.22e-21	98.2	11
g13088.t1	tr|A0A835XJL6|A0A835XJL6_9CHLO	45.370	108	1015	3479	2.67e-21	97.1	11
g13088.t1	tr|A0A2K3DYX1|A0A2K3DYX1_CHLRE	39.785	93	1015	5140	4.51e-14	73.2	9
g13314.t1	tr|A0A835SP23|A0A835SP23_CHLIN	91.667	228	227	332	1.52e-154	428	100
g13386.t1	tr|A0A2K3DSM2|A0A2K3DSM2_CHLRE	35.878	131	221	3208	8.08e-13	63.5	57
g13486.t1	tr|A0A2K3CW68|A0A2K3CW68_CHLRE	34.836	244	287	2764	1.86e-30	117	70
g13486.t1	tr|A0A835T9S6|A0A835T9S6_CHLIN	37.629	194	287	1856	1.39e-29	114	55
g13486.t1	tr|A0A835T0V6|A0A835T0V6_9CHLO	31.667	300	287	2002	3.13e-28	110	82
g13486.t1	tr|A0A835Y443|A0A835Y443_9CHLO	32.258	279	287	1354	2.47e-27	107	78
g13486.t1	tr|A0A150GRG7|A0A150GRG7_GONPE	37.629	194	287	438	2.90e-25	100	55
g13486.t1	tr|A0A835YBW2|A0A835YBW2_9CHLO	38.710	155	287	2287	3.56e-23	95.9	54
g13496.t1	tr|A0A835W0U1|A0A835W0U1_CHLIN	81.104	598	583	6895	0.0	746	99
g1352.t1	tr|A0A150GYQ4|A0A150GYQ4_GONPE	87.476	519	514	518	0.0	841	100
g13538.t1	tr|A0A836C2C7|A0A836C2C7_9CHLO	76.636	107	107	494	2.36e-48	157	99
g13618.t1	tr|A0A835XG35|A0A835XG35_9CHLO	35.792	732	947	1559	4.08e-66	239	70
g13618.t1	tr|A0A835SUQ0|A0A835SUQ0_CHLIN	38.750	400	947	2087	1.24e-60	222	40
g13618.t1	tr|A0A836C725|A0A836C725_9CHLO	55.357	112	947	1448	2.67e-32	132	12
g13618.t1	tr|A0A835SQ00|A0A835SQ00_CHLIN	40.462	173	947	2810	2.56e-25	109	18
g13618.t1	tr|A0A835XJL6|A0A835XJL6_9CHLO	43.796	137	947	3479	5.95e-25	108	14
g13618.t1	tr|A0A835WJB2|A0A835WJB2_9CHLO	50.442	113	947	4342	1.41e-22	100	12
g13618.t1	tr|A0A2K3DYX1|A0A2K3DYX1_CHLRE	38.824	85	947	5140	1.96e-15	77.4	9
g13747.t1	tr|A0A150GP53|A0A150GP53_GONPE	79.817	218	323	430	2.32e-84	257	67
g13747.t1	tr|A0A835W0U1|A0A835W0U1_CHLIN	30.612	196	323	6895	3.19e-15	72.8	50
g13777.t1	tr|A0A150GTX6|A0A150GTX6_GONPE	85.261	536	536	1315	0.0	931	100
g13841.t1	tr|A0A835SGR3|A0A835SGR3_CHLIN	76.442	208	185	533	3.59e-106	311	100
g1406.t1	tr|A0A2K3CW68|A0A2K3CW68_CHLRE	27.778	270	1355	2764	1.31e-13	72.4	17
g1406.t1	tr|A0A835T0V6|A0A835T0V6_9CHLO	27.907	172	1355	2002	6.55e-11	63.2	12
g14076.t1	tr|A0A2J7ZQT3|A0A2J7ZQT3_9CHLO	77.551	98	472	2786	4.66e-42	156	34
g14076.t1	tr|A0A2J7ZQT3|A0A2J7ZQT3_9CHLO	54.688	64	472	2786	1.04e-17	82.8	34
g14137.t1	tr|D8UA16|D8UA16_VOLCA	50.000	326	408	1438	1.07e-95	309	65
g14229.t1	tr|D8U306|D8U306_VOLCA	29.204	226	321	333	1.28e-24	98.2	69
g14357.t1	tr|A0A835WJU4|A0A835WJU4_9CHLO	29.148	223	521	1513	4.00e-18	84.3	43
g14378.t1	tr|A0A345K516|A0A345K516_9CHLO	30.000	330	321	419	1.34e-31	119	94
g14389.t1	tr|A0A835T9S6|A0A835T9S6_CHLIN	53.571	168	408	1856	2.16e-57	199	41
g14389.t1	tr|A0A2K3CW68|A0A2K3CW68_CHLRE	51.786	168	408	2764	6.17e-56	195	40
g14389.t1	tr|A0A835T0V6|A0A835T0V6_9CHLO	52.941	170	408	2002	5.18e-54	189	40
g14389.t1	tr|A0A150GRG7|A0A150GRG7_GONPE	48.205	195	408	438	1.82e-51	175	47
g14389.t1	tr|A0A835Y443|A0A835Y443_9CHLO	30.909	330	408	1354	7.38e-38	142	80
g14389.t1	tr|A0A835YBW2|A0A835YBW2_9CHLO	43.293	164	408	2287	6.13e-37	139	40
g14412.t1	tr|A0A835YDE0|A0A835YDE0_9CHLO	29.151	271	730	1600	1.12e-15	77.4	35
g14412.t1	tr|A0A699Z6K2|A0A699Z6K2_HAELA	24.713	348	730	611	2.05e-14	72.8	43
g14500.t1	tr|A0A2K3CW68|A0A2K3CW68_CHLRE	44.211	190	409	2764	1.19e-38	144	42
g14500.t1	tr|A0A150GRG7|A0A150GRG7_GONPE	46.711	152	409	438	7.50e-36	133	34
g14500.t1	tr|A0A835T9S6|A0A835T9S6_CHLIN	46.012	163	409	1856	1.20e-35	135	37
g14500.t1	tr|A0A835T0V6|A0A835T0V6_9CHLO	39.545	220	409	2002	2.09e-35	135	45
g14500.t1	tr|A0A835Y443|A0A835Y443_9CHLO	34.419	215	409	1354	4.17e-29	116	49
g14500.t1	tr|A0A835YBW2|A0A835YBW2_9CHLO	39.024	164	409	2287	1.16e-26	109	38
g14778.t1	tr|D8UA16|D8UA16_VOLCA	43.721	215	322	1438	1.62e-33	127	62
g1481.t1	tr|A0A2K3CW68|A0A2K3CW68_CHLRE	44.541	229	509	2764	1.47e-46	171	42
g1481.t1	tr|A0A835T9S6|A0A835T9S6_CHLIN	45.876	194	509	1856	7.25e-42	157	35
g1481.t1	tr|A0A835T0V6|A0A835T0V6_9CHLO	45.685	197	509	2002	1.65e-40	152	35
g1481.t1	tr|A0A150GRG7|A0A150GRG7_GONPE	45.833	192	509	438	2.55e-37	139	35
g1481.t1	tr|A0A835YBW2|A0A835YBW2_9CHLO	40.437	183	509	2287	6.26e-37	142	36
g1481.t1	tr|A0A835Y443|A0A835Y443_9CHLO	36.771	223	509	1354	7.57e-35	135	39
g1486.t1	tr|A0A835YBW2|A0A835YBW2_9CHLO	55.349	215	925	2287	1.71e-65	237	22
g1486.t1	tr|A0A2K3CW68|A0A2K3CW68_CHLRE	50.777	193	925	2764	2.00e-51	193	19
g1486.t1	tr|A0A835T0V6|A0A835T0V6_9CHLO	50.000	204	925	2002	1.16e-48	184	20
g1486.t1	tr|A0A835T9S6|A0A835T9S6_CHLIN	38.676	287	925	1856	4.05e-48	182	28
g1486.t1	tr|A0A150GRG7|A0A150GRG7_GONPE	48.731	197	925	438	1.09e-47	172	20
g1486.t1	tr|A0A835Y443|A0A835Y443_9CHLO	34.965	286	925	1354	3.02e-39	154	29
g14941.t1	tr|A0A699Z940|A0A699Z940_HAELA	54.497	189	408	385	5.91e-60	196	41
g1505.t1	tr|A0A2K3CW68|A0A2K3CW68_CHLRE	45.559	349	708	2764	3.01e-83	285	49
g1505.t1	tr|A0A835T9S6|A0A835T9S6_CHLIN	57.870	216	708	1856	2.07e-77	267	30
g1505.t1	tr|A0A835T0V6|A0A835T0V6_9CHLO	61.215	214	708	2002	4.65e-76	263	30
g1505.t1	tr|A0A150GRG7|A0A150GRG7_GONPE	57.746	213	708	438	8.61e-71	234	30
g1505.t1	tr|A0A835Y443|A0A835Y443_9CHLO	48.826	213	708	1354	2.98e-58	210	30
g1505.t1	tr|A0A835YBW2|A0A835YBW2_9CHLO	43.564	202	708	2287	7.12e-45	170	29
g15161.t1	tr|A0A835TG42|A0A835TG42_CHLIN	97.382	382	383	797	0.0	802	99
g1530.t1	tr|A0A835VY94|A0A835VY94_CHLIN	26.961	408	519	608	1.74e-14	72.0	75
g1542.t1	tr|A0A835T9S6|A0A835T9S6_CHLIN	47.668	193	1982	1856	5.52e-46	179	9
g1542.t1	tr|A0A2K3CW68|A0A2K3CW68_CHLRE	48.168	191	1982	2764	2.75e-45	177	9
g1542.t1	tr|A0A835T0V6|A0A835T0V6_9CHLO	47.917	192	1982	2002	8.09e-44	172	9
g1542.t1	tr|A0A150GRG7|A0A150GRG7_GONPE	44.271	192	1982	438	1.56e-38	147	9
g1542.t1	tr|A0A835Y443|A0A835Y443_9CHLO	41.146	192	1982	1354	1.15e-37	151	9
g15484.t1	tr|A0A835YBW2|A0A835YBW2_9CHLO	39.891	183	474	2287	3.34e-33	130	38
g15484.t1	tr|A0A835T9S6|A0A835T9S6_CHLIN	35.263	190	474	1856	1.31e-31	125	37
g15484.t1	tr|A0A2K3CW68|A0A2K3CW68_CHLRE	36.979	192	474	2764	3.22e-31	124	37
g15484.t1	tr|A0A150GRG7|A0A150GRG7_GONPE	36.082	194	474	438	4.52e-29	115	38
g15484.t1	tr|A0A835T0V6|A0A835T0V6_9CHLO	34.896	192	474	2002	3.69e-28	115	37
g15484.t1	tr|A0A835Y443|A0A835Y443_9CHLO	32.642	193	474	1354	3.27e-26	108	37
g15505.t1	tr|A0A150GTX6|A0A150GTX6_GONPE	66.839	193	291	1315	1.49e-72	238	66
g1551.t1	tr|A0A835Y443|A0A835Y443_9CHLO	74.350	1193	1170	1354	0.0	1616	99
g1551.t1	tr|A0A835T9S6|A0A835T9S6_CHLIN	47.917	288	1170	1856	7.15e-85	300	23
g1551.t1	tr|A0A835T0V6|A0A835T0V6_9CHLO	44.948	287	1170	2002	1.14e-71	259	35
g1551.t1	tr|A0A835T0V6|A0A835T0V6_9CHLO	27.869	183	1170	2002	1.13e-15	78.6	35
g1551.t1	tr|A0A2K3CW68|A0A2K3CW68_CHLRE	42.907	289	1170	2764	3.18e-71	258	29
g1551.t1	tr|A0A2K3CW68|A0A2K3CW68_CHLRE	51.613	62	1170	2764	2.63e-14	74.3	29
g1551.t1	tr|A0A150GRG7|A0A150GRG7_GONPE	51.351	222	1170	438	6.15e-68	231	18
g1551.t1	tr|A0A835YBW2|A0A835YBW2_9CHLO	37.949	195	1170	2287	3.97e-38	152	16
g15512.t1	tr|D8U4M5|D8U4M5_VOLCA	87.218	133	133	367	7.78e-80	236	100
g15513.t1	tr|A0A250XJ57|A0A250XJ57_9CHLO	44.340	106	316	1022	2.36e-24	99.8	61
g15513.t1	tr|A0A250XJ57|A0A250XJ57_9CHLO	41.935	93	316	1022	5.15e-12	62.8	61
g1558.t1	tr|A0A835T9S6|A0A835T9S6_CHLIN	63.068	176	177	1856	5.83e-73	234	99
g1558.t1	tr|A0A2K3CW68|A0A2K3CW68_CHLRE	63.068	176	177	2764	1.13e-70	228	97
g1558.t1	tr|A0A835T0V6|A0A835T0V6_9CHLO	63.636	176	177	2002	3.35e-69	223	97
g1558.t1	tr|A0A150GRG7|A0A150GRG7_GONPE	59.091	176	177	438	2.66e-67	208	99
g1558.t1	tr|A0A835Y443|A0A835Y443_9CHLO	49.432	176	177	1354	2.99e-52	175	99
g1558.t1	tr|A0A835YBW2|A0A835YBW2_9CHLO	45.402	174	177	2287	2.98e-43	149	97
g15693.t1	tr|A0A835W0U1|A0A835W0U1_CHLIN	95.172	145	145	6895	6.95e-88	275	100
g15698.t1	tr|A0A150GTX6|A0A150GTX6_GONPE	31.553	206	332	1315	3.07e-19	85.1	62
g15833.t1	tr|A0A2K3CW68|A0A2K3CW68_CHLRE	34.392	189	171	2764	4.72e-26	100	100
g15833.t1	tr|A0A835T9S6|A0A835T9S6_CHLIN	32.584	178	171	1856	7.79e-26	99.4	94
g15833.t1	tr|A0A835T0V6|A0A835T0V6_9CHLO	33.333	189	171	2002	1.81e-23	92.4	100
g15833.t1	tr|A0A150GRG7|A0A150GRG7_GONPE	37.398	123	171	438	4.31e-22	88.2	63
g15833.t1	tr|A0A835YBW2|A0A835YBW2_9CHLO	28.667	150	171	2287	3.92e-18	77.0	87
g15833.t1	tr|A0A835Y443|A0A835Y443_9CHLO	28.846	156	171	1354	4.33e-15	68.6	81
g15971.t1	tr|A0A835T9S6|A0A835T9S6_CHLIN	71.856	167	189	1856	7.91e-78	249	87
g15971.t1	tr|A0A835T0V6|A0A835T0V6_9CHLO	53.012	166	189	2002	3.86e-52	175	87
g15971.t1	tr|A0A2K3CW68|A0A2K3CW68_CHLRE	53.333	165	189	2764	1.10e-49	168	87
g15971.t1	tr|A0A150GRG7|A0A150GRG7_GONPE	62.245	98	189	438	2.45e-36	127	52
g15971.t1	tr|A0A835Y443|A0A835Y443_9CHLO	37.349	166	189	1354	9.02e-29	108	87
g15971.t1	tr|A0A835YBW2|A0A835YBW2_9CHLO	48.485	66	189	2287	7.50e-17	74.3	35
g1598.t1	tr|A0A2J7ZZC2|A0A2J7ZZC2_9CHLO	68.693	2517	2540	2436	0.0	3323	98
g16008.t1	tr|A0A835SP23|A0A835SP23_CHLIN	87.500	80	106	332	1.46e-49	156	75
g1601.t1	tr|A0A835T0V6|A0A835T0V6_9CHLO	38.056	360	1028	2002	2.85e-60	222	34
g1601.t1	tr|A0A2K3CW68|A0A2K3CW68_CHLRE	36.544	353	1028	2764	2.07e-56	210	34
g1601.t1	tr|A0A835T9S6|A0A835T9S6_CHLIN	51.705	176	1028	1856	2.00e-52	197	32
g1601.t1	tr|A0A835T9S6|A0A835T9S6_CHLIN	52.564	156	1028	1856	1.06e-37	150	32
g1601.t1	tr|A0A835Y443|A0A835Y443_9CHLO	37.634	186	1028	1354	2.28e-37	148	32
g1601.t1	tr|A0A835Y443|A0A835Y443_9CHLO	42.763	152	1028	1354	1.96e-28	119	32
g1601.t1	tr|A0A150GRG7|A0A150GRG7_GONPE	57.798	109	1028	438	1.97e-28	115	20
g1601.t1	tr|A0A150GRG7|A0A150GRG7_GONPE	56.383	94	1028	438	6.80e-27	111	20
g1601.t1	tr|A0A835YBW2|A0A835YBW2_9CHLO	45.763	118	1028	2287	6.99e-25	108	20
g1601.t1	tr|A0A835YBW2|A0A835YBW2_9CHLO	45.349	86	1028	2287	9.30e-19	88.6	20
g16128.t1	tr|A0A835TCJ4|A0A835TCJ4_CHLIN	27.778	144	364	3127	1.37e-12	65.5	37
g16435.t1	tr|A0A836BPY0|A0A836BPY0_9CHLO	72.628	274	260	795	6.45e-128	377	100
g16496.t1	tr|A0A2J7ZZC2|A0A2J7ZZC2_9CHLO	42.308	104	489	2436	1.87e-19	88.2	20
g16496.t1	tr|A0A2J7ZZC2|A0A2J7ZZC2_9CHLO	38.679	106	489	2436	9.78e-11	60.5	20
g16512.t1	tr|A0A2K3DSM2|A0A2K3DSM2_CHLRE	30.601	183	164	3208	5.24e-15	67.8	95
g1661.t1	tr|A0A2K3CW68|A0A2K3CW68_CHLRE	50.000	162	793	2764	6.47e-41	159	19
g1661.t1	tr|A0A835T9S6|A0A835T9S6_CHLIN	44.118	170	793	1856	4.79e-37	146	20
g1661.t1	tr|A0A835T0V6|A0A835T0V6_9CHLO	40.465	215	793	2002	1.44e-36	145	23
g1661.t1	tr|A0A150GRG7|A0A150GRG7_GONPE	47.651	149	793	438	2.74e-36	139	18
g1661.t1	tr|A0A835Y443|A0A835Y443_9CHLO	33.663	202	793	1354	6.52e-30	123	23
g1661.t1	tr|A0A835YBW2|A0A835YBW2_9CHLO	44.295	149	793	2287	1.25e-28	119	19
g1661.t1	tr|A0A835YDE0|A0A835YDE0_9CHLO	29.201	363	793	1600	7.56e-20	91.3	43
g16805.t1	tr|A0A836C2C7|A0A836C2C7_9CHLO	82.270	141	141	494	6.21e-79	238	100
g1689.t1	tr|D8TM90|D8TM90_VOLCA	68.182	176	316	336	4.30e-80	243	56
g17010.t1	tr|D8U4H2|D8U4H2_VOLCA	66.197	213	214	525	3.54e-86	260	99
g17077.t1	tr|D8U4H2|D8U4H2_VOLCA	73.206	209	211	525	3.73e-101	299	99
g17227.t1	tr|A0A150GTX6|A0A150GTX6_GONPE	91.228	171	172	1315	6.42e-106	326	99
g17322.t1	tr|A0A250XJ57|A0A250XJ57_9CHLO	45.238	84	107	1022	1.43e-21	84.3	78
g17322.t1	tr|A0A250XJ57|A0A250XJ57_9CHLO	35.000	60	107	1022	7.98e-11	53.5	78
g17342.t1	tr|A0A835XZD2|A0A835XZD2_9CHLO	89.873	79	136	695	2.21e-44	150	90
g17342.t1	tr|A0A835XZD2|A0A835XZD2_9CHLO	97.727	44	136	695	7.99e-24	92.0	90
g17378.t1	tr|A0A150GRG7|A0A150GRG7_GONPE	41.606	137	258	438	3.92e-27	105	48
g17378.t1	tr|A0A835T9S6|A0A835T9S6_CHLIN	33.158	190	258	1856	1.79e-25	101	58
g17378.t1	tr|A0A2K3CW68|A0A2K3CW68_CHLRE	33.668	199	258	2764	2.37e-25	101	63
g17378.t1	tr|A0A835Y443|A0A835Y443_9CHLO	31.214	173	258	1354	1.59e-24	98.6	58
g17378.t1	tr|A0A835T0V6|A0A835T0V6_9CHLO	35.256	156	258	2002	3.75e-22	91.7	55
g17378.t1	tr|A0A835YBW2|A0A835YBW2_9CHLO	37.589	141	258	2287	1.74e-21	89.7	54
g17473.t1	tr|A0A835Y416|A0A835Y416_9CHLO	35.849	106	188	20967	7.40e-13	62.4	54
g17477.t1	tr|A0A835TCJ4|A0A835TCJ4_CHLIN	28.859	149	174	3127	4.72e-16	71.2	79
g1751.t1	tr|A0A835YBW2|A0A835YBW2_9CHLO	49.096	387	713	2287	9.42e-79	271	75
g1751.t1	tr|A0A835YBW2|A0A835YBW2_9CHLO	72.881	177	713	2287	1.82e-78	271	75
g1751.t1	tr|A0A2K3CW68|A0A2K3CW68_CHLRE	45.989	187	713	2764	4.23e-46	174	24
g1751.t1	tr|A0A835T0V6|A0A835T0V6_9CHLO	46.524	187	713	2002	6.52e-45	170	24
g1751.t1	tr|A0A150GRG7|A0A150GRG7_GONPE	45.699	186	713	438	2.35e-43	158	24
g1751.t1	tr|A0A835T9S6|A0A835T9S6_CHLIN	45.405	185	713	1856	3.13e-43	165	24
g1751.t1	tr|A0A835Y443|A0A835Y443_9CHLO	37.968	187	713	1354	4.27e-35	139	24
g17525.t1	tr|A0A836BPY0|A0A836BPY0_9CHLO	71.171	111	111	795	3.38e-45	151	100
g17574.t1	tr|A0A836BPY0|A0A836BPY0_9CHLO	60.000	115	110	795	1.58e-34	121	100
g17645.t1	tr|A0A2J7ZZC2|A0A2J7ZZC2_9CHLO	35.938	64	120	2436	4.10e-11	55.1	53
g17711.t1	tr|A0A835TPX6|A0A835TPX6_CHLIN	39.496	119	114	354	7.15e-21	82.0	98
g17725.t1	tr|A0A150GTX6|A0A150GTX6_GONPE	83.230	161	162	1315	8.12e-88	275	99
g178.t1	tr|A0A835XG35|A0A835XG35_9CHLO	35.368	639	2310	1559	1.02e-71	263	54
g178.t1	tr|A0A835XG35|A0A835XG35_9CHLO	45.327	214	2310	1559	6.75e-37	149	54
g178.t1	tr|A0A835XG35|A0A835XG35_9CHLO	51.899	158	2310	1559	6.39e-31	129	54
g178.t1	tr|A0A835XG35|A0A835XG35_9CHLO	37.500	144	2310	1559	1.09e-17	86.3	54
g178.t1	tr|A0A835XG35|A0A835XG35_9CHLO	33.750	160	2310	1559	2.23e-12	68.9	54
g178.t1	tr|A0A835SUQ0|A0A835SUQ0_CHLIN	44.643	280	2310	2087	2.62e-51	197	18
g178.t1	tr|A0A835SUQ0|A0A835SUQ0_CHLIN	60.526	76	2310	2087	3.23e-21	98.2	18
g178.t1	tr|A0A835SUQ0|A0A835SUQ0_CHLIN	54.688	64	2310	2087	4.34e-15	77.8	18
g178.t1	tr|A0A836C725|A0A836C725_9CHLO	44.848	165	2310	1448	1.76e-33	138	7
g178.t1	tr|A0A835XJL6|A0A835XJL6_9CHLO	52.381	105	2310	3479	2.58e-27	118	5
g178.t1	tr|A0A835SQ00|A0A835SQ00_CHLIN	47.788	113	2310	2810	1.84e-23	105	5
g178.t1	tr|A0A835WJB2|A0A835WJB2_9CHLO	48.624	109	2310	4342	1.99e-21	99.0	5
g178.t1	tr|A0A2K3DYX1|A0A2K3DYX1_CHLRE	39.423	104	2310	5140	1.24e-15	79.7	6
g178.t1	tr|A0A2K3DYX1|A0A2K3DYX1_CHLRE	36.296	135	2310	5140	3.13e-12	68.6	6
g18150.t1	tr|A0A250XJ57|A0A250XJ57_9CHLO	34.066	91	135	1022	5.79e-15	66.6	67
g18181.t1	tr|A0A2K3CW68|A0A2K3CW68_CHLRE	52.000	75	135	2764	3.24e-16	70.1	55
g18181.t1	tr|A0A835T9S6|A0A835T9S6_CHLIN	42.857	84	135	1856	1.04e-15	68.9	61
g18181.t1	tr|A0A150GRG7|A0A150GRG7_GONPE	51.220	82	135	438	6.94e-14	63.5	61
g18181.t1	tr|A0A835T0V6|A0A835T0V6_9CHLO	45.946	74	135	2002	1.85e-13	62.4	55
g1836.t1	tr|D8UGC6|D8UGC6_VOLCA	36.522	115	728	772	1.04e-11	64.3	16
g1968.t1	tr|D8U306|D8U306_VOLCA	91.617	334	422	333	0.0	622	79
g2107.t1	tr|A0A835SUQ0|A0A835SUQ0_CHLIN	72.853	1013	1728	2087	0.0	1191	81
g2107.t1	tr|A0A835SUQ0|A0A835SUQ0_CHLIN	78.876	445	1728	2087	1.51e-173	573	81
g2107.t1	tr|A0A835XG35|A0A835XG35_9CHLO	33.542	799	1728	1559	7.77e-77	278	64
g2107.t1	tr|A0A835XG35|A0A835XG35_9CHLO	39.550	311	1728	1559	1.70e-39	157	64
g2107.t1	tr|A0A835XG35|A0A835XG35_9CHLO	50.769	65	1728	1559	3.99e-14	74.3	64
g2107.t1	tr|A0A836C725|A0A836C725_9CHLO	37.101	345	1728	1448	2.94e-43	169	35
g2107.t1	tr|A0A836C725|A0A836C725_9CHLO	32.601	273	1728	1448	3.66e-19	90.9	35
g2107.t1	tr|A0A835SQ00|A0A835SQ00_CHLIN	39.444	180	1728	2810	4.85e-29	123	10
g2107.t1	tr|A0A2K3DLN4|A0A2K3DLN4_CHLRE	55.102	98	1728	4704	5.62e-25	110	21
g2107.t1	tr|A0A2K3DLN4|A0A2K3DLN4_CHLRE	28.086	324	1728	4704	2.22e-13	72.0	21
g2107.t1	tr|A0A835WJB2|A0A835WJB2_9CHLO	50.943	106	1728	4342	4.26e-21	97.4	6
g2107.t1	tr|A0A835XJL6|A0A835XJL6_9CHLO	46.296	108	1728	3479	1.20e-20	95.9	6
g2107.t1	tr|A0A2K3DYX1|A0A2K3DYX1_CHLRE	39.785	93	1728	5140	5.26e-14	73.9	5
g2165.t1	tr|S0DAV6|S0DAV6_9CHLO	70.423	213	245	247	6.62e-111	315	87
g2190.t1	tr|A0A835YD45|A0A835YD45_9CHLO	31.587	687	1824	4780	3.27e-87	314	75
g2190.t1	tr|A0A835YD45|A0A835YD45_9CHLO	25.802	779	1824	4780	3.54e-46	180	75
g2190.t1	tr|A0A835YD45|A0A835YD45_9CHLO	26.490	604	1824	4780	5.63e-46	179	75
g2190.t1	tr|A0A835YD45|A0A835YD45_9CHLO	28.909	339	1824	4780	1.29e-26	115	75
g2190.t1	tr|A0A835YD45|A0A835YD45_9CHLO	25.000	168	1824	4780	1.05e-17	86.3	75
g2190.t1	tr|A0A835YD45|A0A835YD45_9CHLO	38.614	101	1824	4780	1.52e-13	72.8	75
g2190.t1	tr|A0A835YD45|A0A835YD45_9CHLO	28.409	176	1824	4780	1.25e-12	69.7	75
g2190.t1	tr|A0A835YD45|A0A835YD45_9CHLO	25.424	177	1824	4780	9.12e-11	63.5	75
g2191.t1	tr|A0A835YD45|A0A835YD45_9CHLO	31.404	691	1884	4780	1.50e-91	328	68
g2191.t1	tr|A0A835YD45|A0A835YD45_9CHLO	24.429	700	1884	4780	5.47e-44	172	68
g2191.t1	tr|A0A835YD45|A0A835YD45_9CHLO	23.736	455	1884	4780	2.19e-20	95.1	68
g2191.t1	tr|A0A835YD45|A0A835YD45_9CHLO	22.807	342	1884	4780	4.50e-20	94.4	68
g2191.t1	tr|A0A835YD45|A0A835YD45_9CHLO	33.333	108	1884	4780	7.46e-13	70.5	68
g2196.t1	tr|A0A250XI57|A0A250XI57_9CHLO	44.718	284	359	629	4.07e-74	238	77
g2317.t1	tr|J7MB60|J7MB60_9CHLO	58.099	463	488	483	0.0	565	94
g2385.t1	tr|A0A836C725|A0A836C725_9CHLO	41.092	348	2862	1448	3.27e-68	251	34
g2385.t1	tr|A0A836C725|A0A836C725_9CHLO	28.402	676	2862	1448	5.00e-38	153	34
g2385.t1	tr|A0A835SUQ0|A0A835SUQ0_CHLIN	34.363	259	2862	2087	7.19e-29	123	14
g2385.t1	tr|A0A835SUQ0|A0A835SUQ0_CHLIN	47.423	97	2862	2087	3.06e-20	95.1	14
g2385.t1	tr|A0A835SUQ0|A0A835SUQ0_CHLIN	51.515	66	2862	2087	4.16e-12	68.6	14
g2385.t1	tr|A0A835XJL6|A0A835XJL6_9CHLO	48.980	98	2862	3479	1.91e-25	112	18
g2385.t1	tr|A0A835XJL6|A0A835XJL6_9CHLO	38.776	98	2862	3479	2.62e-13	72.4	18
g2385.t1	tr|A0A835XJL6|A0A835XJL6_9CHLO	30.392	204	2862	3479	6.45e-12	67.8	18
g2385.t1	tr|A0A835XJL6|A0A835XJL6_9CHLO	33.803	142	2862	3479	3.66e-11	65.5	18
g2385.t1	tr|A0A835SQ00|A0A835SQ00_CHLIN	45.614	114	2862	2810	2.84e-24	108	10
g2385.t1	tr|A0A835SQ00|A0A835SQ00_CHLIN	35.870	184	2862	2810	2.64e-12	69.3	10
g2385.t1	tr|A0A835XG35|A0A835XG35_9CHLO	30.293	307	2862	1559	2.33e-22	102	16
g2385.t1	tr|A0A835XG35|A0A835XG35_9CHLO	42.759	145	2862	1559	8.16e-16	80.5	16
g2385.t1	tr|A0A835XG35|A0A835XG35_9CHLO	49.351	77	2862	1559	7.28e-12	67.8	16
g2385.t1	tr|A0A2K3DYX1|A0A2K3DYX1_CHLRE	33.889	180	2862	5140	1.71e-21	99.8	12
g2385.t1	tr|A0A2K3DYX1|A0A2K3DYX1_CHLRE	30.769	182	2862	5140	1.22e-17	87.0	12
g2385.t1	tr|A0A2K3DLN4|A0A2K3DLN4_CHLRE	44.762	105	2862	4704	6.26e-21	97.8	10
g2385.t1	tr|A0A2K3DLN4|A0A2K3DLN4_CHLRE	34.426	183	2862	4704	9.06e-13	70.9	10
g2385.t1	tr|A0A835WJB2|A0A835WJB2_9CHLO	43.810	105	2862	4342	1.54e-15	80.1	4
g2432.t1	tr|A0A2K3CW68|A0A2K3CW68_CHLRE	49.502	301	2774	2764	2.70e-83	303	11
g2432.t1	tr|A0A835T9S6|A0A835T9S6_CHLIN	47.667	300	2774	1856	4.64e-83	301	11
g2432.t1	tr|A0A835T0V6|A0A835T0V6_9CHLO	49.032	310	2774	2002	1.61e-75	276	11
g2432.t1	tr|A0A835Y443|A0A835Y443_9CHLO	35.817	416	2774	1354	2.23e-70	258	14
g2432.t1	tr|A0A150GRG7|A0A150GRG7_GONPE	60.963	187	2774	438	1.15e-68	235	7
g2432.t1	tr|A0A835YBW2|A0A835YBW2_9CHLO	44.149	188	2774	2287	4.36e-41	164	7
g2464.t1	tr|A0A836C725|A0A836C725_9CHLO	34.985	343	1383	1448	1.29e-43	170	24
g2464.t1	tr|A0A835SUQ0|A0A835SUQ0_CHLIN	37.445	227	1383	2087	7.46e-26	112	15
g2464.t1	tr|A0A835XG35|A0A835XG35_9CHLO	32.000	275	1383	1559	6.91e-18	86.3	16
g2464.t1	tr|A0A835XJL6|A0A835XJL6_9CHLO	38.806	134	1383	3479	6.47e-15	76.6	16
g2464.t1	tr|A0A835XJL6|A0A835XJL6_9CHLO	36.134	119	1383	3479	3.55e-11	64.3	16
g2493.t1	tr|A0A836C725|A0A836C725_9CHLO	61.165	103	1944	1448	1.83e-31	131	40
g2493.t1	tr|A0A836C725|A0A836C725_9CHLO	39.310	145	1944	1448	3.44e-20	94.4	40
g2493.t1	tr|A0A836C725|A0A836C725_9CHLO	42.857	98	1944	1448	9.71e-18	86.3	40
g2493.t1	tr|A0A836C725|A0A836C725_9CHLO	28.378	222	1944	1448	4.10e-12	67.8	40
g2493.t1	tr|A0A836C725|A0A836C725_9CHLO	29.577	213	1944	1448	7.96e-11	63.5	40
g2493.t1	tr|A0A835SUQ0|A0A835SUQ0_CHLIN	37.681	276	1944	2087	2.05e-30	128	17
g2493.t1	tr|A0A835SUQ0|A0A835SUQ0_CHLIN	53.125	64	1944	2087	4.16e-11	64.7	17
g2493.t1	tr|A0A835XG35|A0A835XG35_9CHLO	32.743	339	1944	1559	1.74e-27	118	21
g2493.t1	tr|A0A835XG35|A0A835XG35_9CHLO	53.704	108	1944	1559	7.11e-21	96.7	21
g2493.t1	tr|A0A835SQ00|A0A835SQ00_CHLIN	42.857	154	1944	2810	5.72e-27	117	8
g2493.t1	tr|A0A2K3DLN4|A0A2K3DLN4_CHLRE	47.525	101	1944	4704	2.83e-25	111	16
g2493.t1	tr|A0A2K3DLN4|A0A2K3DLN4_CHLRE	25.806	248	1944	4704	4.32e-12	67.8	16
g2493.t1	tr|A0A835WJB2|A0A835WJB2_9CHLO	46.400	125	1944	4342	1.21e-20	96.3	6
g2493.t1	tr|A0A2K3DYX1|A0A2K3DYX1_CHLRE	43.689	103	1944	5140	4.29e-19	90.9	5
g2493.t1	tr|A0A835XJL6|A0A835XJL6_9CHLO	39.850	133	1944	3479	2.50e-16	82.0	11
g2493.t1	tr|A0A835XJL6|A0A835XJL6_9CHLO	42.222	90	1944	3479	1.62e-11	65.9	11
g2503.t1	tr|A0A835SUQ0|A0A835SUQ0_CHLIN	80.682	88	103	2087	6.04e-43	145	85
g2503.t1	tr|A0A835XG35|A0A835XG35_9CHLO	47.959	98	103	1559	2.43e-15	66.2	92
g2567.t1	tr|A0A836C3U6|A0A836C3U6_9CHLO	29.388	245	2153	990	6.52e-12	67.0	10
g2577.t1	tr|A8JH68|A8JH68_CHLRE	100.000	145	145	145	4.38e-105	292	100
g2660.t1	tr|A0A835YLG2|A0A835YLG2_9CHLO	35.312	674	2851	902	1.18e-73	263	21
g2673.t1	tr|A0A835TG42|A0A835TG42_CHLIN	94.400	125	140	797	1.10e-72	228	89
g2687.t1	tr|A0A150GRG7|A0A150GRG7_GONPE	63.902	205	258	438	1.60e-86	261	78
g2687.t1	tr|A0A835T9S6|A0A835T9S6_CHLIN	63.636	198	258	1856	6.64e-82	264	76
g2687.t1	tr|A0A835T0V6|A0A835T0V6_9CHLO	58.559	222	258	2002	2.34e-80	259	84
g2687.t1	tr|A0A2K3CW68|A0A2K3CW68_CHLRE	60.101	198	258	2764	6.67e-75	244	75
g2687.t1	tr|A0A835Y443|A0A835Y443_9CHLO	48.804	209	258	1354	8.72e-66	217	80
g2687.t1	tr|A0A835YBW2|A0A835YBW2_9CHLO	47.917	192	258	2287	3.04e-53	181	73
g2720.t1	tr|A0A150H2W0|A0A150H2W0_GONPE	74.841	314	325	366	1.81e-172	479	97
g2824.t1	tr|D8U306|D8U306_VOLCA	46.624	311	346	333	6.90e-93	277	90
g2897.t1	tr|A0A835YBW2|A0A835YBW2_9CHLO	48.529	204	1864	2287	5.70e-52	198	11
g2897.t1	tr|A0A835T9S6|A0A835T9S6_CHLIN	45.933	209	1864	1856	3.37e-46	179	10
g2897.t1	tr|A0A150GRG7|A0A150GRG7_GONPE	44.828	203	1864	438	3.07e-42	157	10
g2897.t1	tr|A0A835Y443|A0A835Y443_9CHLO	43.655	197	1864	1354	6.62e-42	165	10
g2897.t1	tr|A0A2K3CW68|A0A2K3CW68_CHLRE	42.786	201	1864	2764	1.53e-40	161	10
g2897.t1	tr|A0A835T0V6|A0A835T0V6_9CHLO	44.335	203	1864	2002	3.76e-39	156	10
g2922.t1	tr|A0A150GRG7|A0A150GRG7_GONPE	82.915	199	743	438	2.17e-114	349	27
g2922.t1	tr|A0A835T9S6|A0A835T9S6_CHLIN	61.751	217	743	1856	1.30e-89	304	29
g2922.t1	tr|A0A2K3CW68|A0A2K3CW68_CHLRE	61.929	197	743	2764	4.57e-80	276	26
g2922.t1	tr|A0A835T0V6|A0A835T0V6_9CHLO	61.616	198	743	2002	6.88e-78	270	26
g2922.t1	tr|A0A835Y443|A0A835Y443_9CHLO	55.500	200	743	1354	3.58e-71	249	27
g2922.t1	tr|A0A835YBW2|A0A835YBW2_9CHLO	46.500	200	743	2287	3.15e-49	184	27
g2934.t1	tr|A0A1W5IVS0|A0A1W5IVS0_9CHLO	44.531	128	637	561	2.66e-17	81.6	19
g2934.t1	tr|A0A1W6R6K8|A0A1W6R6K8_9CHLO	50.000	76	637	1370	4.32e-17	81.6	11
g2934.t1	tr|A0A2K3DED8|A0A2K3DED8_CHLRE	50.725	69	637	1603	6.14e-16	78.2	11
g3001.t1	tr|A0A835Y416|A0A835Y416_9CHLO	25.000	420	671	20967	2.71e-11	63.2	55
g3023.t1	tr|A0A836C725|A0A836C725_9CHLO	36.298	1102	1297	1448	0.0	594	83
g3023.t1	tr|A0A835SUQ0|A0A835SUQ0_CHLIN	38.521	257	1297	2087	4.96e-37	148	25
g3023.t1	tr|A0A835SUQ0|A0A835SUQ0_CHLIN	43.878	98	1297	2087	2.16e-19	90.9	25
g3023.t1	tr|A0A835XG35|A0A835XG35_9CHLO	32.573	307	1297	1559	1.49e-29	124	27
g3023.t1	tr|A0A835XG35|A0A835XG35_9CHLO	46.535	101	1297	1559	2.36e-14	74.3	27
g3023.t1	tr|A0A2K3DYX1|A0A2K3DYX1_CHLRE	34.810	158	1297	5140	3.20e-21	97.4	14
g3023.t1	tr|A0A2K3DYX1|A0A2K3DYX1_CHLRE	26.776	183	1297	5140	8.42e-11	62.8	14
g3023.t1	tr|A0A835SQ00|A0A835SQ00_CHLIN	35.450	189	1297	2810	8.52e-19	89.4	25
g3023.t1	tr|A0A835SQ00|A0A835SQ00_CHLIN	34.752	141	1297	2810	1.45e-17	85.1	25
g3023.t1	tr|A0A2K3DLN4|A0A2K3DLN4_CHLRE	40.196	102	1297	4704	6.50e-18	86.3	22
g3023.t1	tr|A0A2K3DLN4|A0A2K3DLN4_CHLRE	34.946	186	1297	4704	1.28e-16	82.0	22
g3023.t1	tr|A0A835XJL6|A0A835XJL6_9CHLO	37.405	131	1297	3479	1.93e-17	84.7	45
g3023.t1	tr|A0A835XJL6|A0A835XJL6_9CHLO	41.489	94	1297	3479	9.27e-17	82.4	45
g3023.t1	tr|A0A835XJL6|A0A835XJL6_9CHLO	24.638	414	1297	3479	1.62e-13	72.0	45
g3023.t1	tr|A0A835WJB2|A0A835WJB2_9CHLO	37.383	107	1297	4342	4.17e-12	67.4	8
g306.t1	tr|A0A150H2W0|A0A150H2W0_GONPE	29.259	270	317	366	6.03e-36	129	75
g310.t1	tr|A0A836C725|A0A836C725_9CHLO	28.258	683	2740	1448	1.51e-47	184	33
g310.t1	tr|A0A836C725|A0A836C725_9CHLO	32.941	255	2740	1448	1.52e-27	119	33
g310.t1	tr|A0A835XJL6|A0A835XJL6_9CHLO	54.128	109	2740	3479	1.38e-31	132	28
g310.t1	tr|A0A835XJL6|A0A835XJL6_9CHLO	28.454	485	2740	3479	1.66e-21	99.4	28
g310.t1	tr|A0A835XJL6|A0A835XJL6_9CHLO	44.792	96	2740	3479	1.21e-15	80.1	28
g310.t1	tr|A0A835XJL6|A0A835XJL6_9CHLO	35.338	133	2740	3479	3.53e-12	68.6	28
g310.t1	tr|A0A835SUQ0|A0A835SUQ0_CHLIN	51.402	107	2740	2087	2.60e-25	112	4
g310.t1	tr|A0A835SQ00|A0A835SQ00_CHLIN	48.387	93	2740	2810	6.32e-23	104	3
g310.t1	tr|A0A2K3DLN4|A0A2K3DLN4_CHLRE	51.042	96	2740	4704	1.79e-22	102	3
g310.t1	tr|A0A835WJB2|A0A835WJB2_9CHLO	56.522	92	2740	4342	4.89e-22	101	3
g310.t1	tr|A0A2K3DYX1|A0A2K3DYX1_CHLRE	42.222	90	2740	5140	1.95e-18	89.4	3
g310.t1	tr|A0A835XG35|A0A835XG35_9CHLO	56.989	93	2740	1559	2.70e-17	85.5	3
g310.t1	tr|A0A250X2V0|A0A250X2V0_9CHLO	38.235	102	2740	1327	1.73e-11	66.2	4
g3145.t1	tr|D8U306|D8U306_VOLCA	47.078	308	317	333	2.54e-95	282	96
g316.t1	tr|A0A2K3CW68|A0A2K3CW68_CHLRE	33.993	303	307	2764	2.05e-47	167	78
g316.t1	tr|A0A835T9S6|A0A835T9S6_CHLIN	33.871	310	307	1856	5.16e-47	165	78
g316.t1	tr|A0A835T0V6|A0A835T0V6_9CHLO	34.932	292	307	2002	2.66e-42	152	74
g316.t1	tr|A0A835Y443|A0A835Y443_9CHLO	29.252	294	307	1354	1.15e-35	132	79
g316.t1	tr|A0A835YBW2|A0A835YBW2_9CHLO	41.892	148	307	2287	4.30e-30	116	38
g316.t1	tr|A0A150GRG7|A0A150GRG7_GONPE	34.123	211	307	438	1.49e-27	107	54
g3208.t1	tr|A0A835SUQ0|A0A835SUQ0_CHLIN	62.963	108	1456	2087	1.07e-37	151	33
g3208.t1	tr|A0A835SUQ0|A0A835SUQ0_CHLIN	27.010	311	1456	2087	7.78e-16	79.7	33
g3208.t1	tr|A0A835SUQ0|A0A835SUQ0_CHLIN	53.846	65	1456	2087	9.83e-15	75.9	33
g3208.t1	tr|A0A836C725|A0A836C725_9CHLO	55.340	103	1456	1448	1.59e-30	127	7
g3208.t1	tr|A0A835XG35|A0A835XG35_9CHLO	56.757	111	1456	1559	3.53e-28	120	45
g3208.t1	tr|A0A835XG35|A0A835XG35_9CHLO	28.716	296	1456	1559	2.98e-18	87.4	45
g3208.t1	tr|A0A835XG35|A0A835XG35_9CHLO	32.065	184	1456	1559	1.06e-16	82.4	45
g3208.t1	tr|A0A835XG35|A0A835XG35_9CHLO	36.508	126	1456	1559	4.29e-14	73.9	45
g3208.t1	tr|A0A2K3DLN4|A0A2K3DLN4_CHLRE	50.495	101	1456	4704	3.70e-25	110	7
g3208.t1	tr|A0A835XJL6|A0A835XJL6_9CHLO	38.660	194	1456	3479	1.07e-23	105	13
g3208.t1	tr|A0A835SQ00|A0A835SQ00_CHLIN	44.545	110	1456	2810	3.29e-23	103	8
g3208.t1	tr|A0A2K3DYX1|A0A2K3DYX1_CHLRE	38.318	107	1456	5140	7.26e-16	79.7	7
g3291.t1	tr|A0A836C725|A0A836C725_9CHLO	32.014	581	1600	1448	1.38e-55	209	35
g3291.t1	tr|A0A835XJL6|A0A835XJL6_9CHLO	51.961	102	1600	3479	3.77e-26	114	34
g3291.t1	tr|A0A835XJL6|A0A835XJL6_9CHLO	48.515	101	1600	3479	4.88e-14	73.9	34
g3291.t1	tr|A0A835XJL6|A0A835XJL6_9CHLO	25.000	388	1600	3479	1.14e-11	66.2	34
g3291.t1	tr|A0A835SQ00|A0A835SQ00_CHLIN	44.118	136	1600	2810	2.32e-24	107	9
g3291.t1	tr|A0A835SUQ0|A0A835SUQ0_CHLIN	51.579	95	1600	2087	7.03e-24	106	6
g3291.t1	tr|A0A2K3DYX1|A0A2K3DYX1_CHLRE	35.119	168	1600	5140	5.06e-22	100	11
g3291.t1	tr|A0A2K3DYX1|A0A2K3DYX1_CHLRE	31.461	178	1600	5140	1.06e-15	79.3	11
g3291.t1	tr|A0A2K3DLN4|A0A2K3DLN4_CHLRE	45.192	104	1600	4704	1.31e-19	92.4	6
g3291.t1	tr|A0A835XG35|A0A835XG35_9CHLO	47.664	107	1600	1559	4.69e-17	83.6	6
g3291.t1	tr|A0A835WJB2|A0A835WJB2_9CHLO	44.086	93	1600	4342	3.41e-15	77.8	6
g3327.t1	tr|A0A150H1Z0|A0A150H1Z0_GONPE	24.424	217	1081	865	2.26e-13	70.5	19
g3331.t1	tr|A0A835Y416|A0A835Y416_9CHLO	39.815	108	783	20967	2.86e-11	63.5	14
g3535.t1	tr|A0A835T3N4|A0A835T3N4_CHLIN	96.685	181	181	181	3.10e-127	351	100
g355.t1	tr|A0A835T9S6|A0A835T9S6_CHLIN	35.678	199	1326	1856	1.16e-29	124	14
g355.t1	tr|A0A150GRG7|A0A150GRG7_GONPE	34.634	205	1326	438	2.23e-28	116	15
g355.t1	tr|A0A835YBW2|A0A835YBW2_9CHLO	35.751	193	1326	2287	2.27e-28	120	14
g355.t1	tr|A0A2K3CW68|A0A2K3CW68_CHLRE	33.040	227	1326	2764	6.42e-28	119	16
g355.t1	tr|A0A835T0V6|A0A835T0V6_9CHLO	29.368	269	1326	2002	5.74e-27	115	18
g355.t1	tr|A0A835Y443|A0A835Y443_9CHLO	30.566	265	1326	1354	6.41e-27	115	18
g3574.t1	tr|A0A835TG42|A0A835TG42_CHLIN	31.553	412	517	797	2.54e-55	194	78
g369.t1	tr|J7MB60|J7MB60_9CHLO	61.290	465	527	483	0.0	598	87
g380.t1	tr|A0A835SP23|A0A835SP23_CHLIN	29.283	321	397	332	3.19e-24	98.6	78
g3810.t1	tr|D8U306|D8U306_VOLCA	31.390	223	659	333	6.01e-22	93.6	34
g3825.t1	tr|A0A835T9S6|A0A835T9S6_CHLIN	55.872	281	849	1856	5.68e-93	317	33
g3825.t1	tr|A0A835T0V6|A0A835T0V6_9CHLO	52.000	300	849	2002	2.14e-87	301	35
g3825.t1	tr|A0A2K3CW68|A0A2K3CW68_CHLRE	51.228	285	849	2764	1.88e-82	286	33
g3825.t1	tr|A0A150GRG7|A0A150GRG7_GONPE	62.927	205	849	438	7.30e-81	263	24
g3825.t1	tr|A0A835Y443|A0A835Y443_9CHLO	43.728	279	849	1354	1.49e-71	253	33
g3825.t1	tr|A0A835YBW2|A0A835YBW2_9CHLO	47.917	192	849	2287	1.18e-51	193	22
g383.t1	tr|A0A835YDE0|A0A835YDE0_9CHLO	28.808	302	966	1600	2.27e-21	96.7	29
g3843.t1	tr|A0A835YBW2|A0A835YBW2_9CHLO	67.978	178	1553	2287	3.51e-70	257	18
g3843.t1	tr|A0A835YBW2|A0A835YBW2_9CHLO	39.175	97	1553	2287	4.10e-12	67.4	18
g3843.t1	tr|A0A2K3CW68|A0A2K3CW68_CHLRE	47.027	185	1553	2764	8.55e-44	171	11
g3843.t1	tr|A0A150GRG7|A0A150GRG7_GONPE	39.394	297	1553	438	5.13e-43	160	18
g3843.t1	tr|A0A835T9S6|A0A835T9S6_CHLIN	42.857	210	1553	1856	8.50e-43	168	12
g3843.t1	tr|A0A835T0V6|A0A835T0V6_9CHLO	45.699	186	1553	2002	4.56e-40	159	11
g3843.t1	tr|A0A835Y443|A0A835Y443_9CHLO	36.216	185	1553	1354	7.46e-33	135	11
g3911.t1	tr|A0A835T9S6|A0A835T9S6_CHLIN	24.862	181	1366	1856	3.88e-12	67.4	12
g4060.t1	tr|A0A2K3CW68|A0A2K3CW68_CHLRE	51.020	294	1187	2764	1.72e-82	293	24
g4060.t1	tr|A0A835T0V6|A0A835T0V6_9CHLO	49.524	315	1187	2002	7.80e-81	288	25
g4060.t1	tr|A0A150GRG7|A0A150GRG7_GONPE	64.103	195	1187	438	1.79e-77	259	16
g4060.t1	tr|A0A835Y443|A0A835Y443_9CHLO	43.066	274	1187	1354	3.80e-68	247	23
g4060.t1	tr|A0A835YBW2|A0A835YBW2_9CHLO	47.644	191	1187	2287	1.30e-46	179	16
g4112.t1	tr|A0A835WIM6|A0A835WIM6_9CHLO	73.356	289	463	629	2.70e-118	356	99
g4112.t1	tr|A0A835WIM6|A0A835WIM6_9CHLO	54.217	249	463	629	2.19e-59	202	99
g4114.t1	tr|A0A836C725|A0A836C725_9CHLO	40.260	231	2139	1448	1.12e-42	168	15
g4114.t1	tr|A0A836C725|A0A836C725_9CHLO	42.982	114	2139	1448	7.54e-19	90.1	15
g4114.t1	tr|A0A835SQ00|A0A835SQ00_CHLIN	33.117	154	2139	2810	2.88e-16	81.6	6
g4114.t1	tr|A0A835SUQ0|A0A835SUQ0_CHLIN	43.820	89	2139	2087	9.04e-15	76.6	18
g4114.t1	tr|A0A835SUQ0|A0A835SUQ0_CHLIN	40.000	100	2139	2087	2.14e-13	72.4	18
g4114.t1	tr|A0A835SUQ0|A0A835SUQ0_CHLIN	34.000	150	2139	2087	1.02e-12	70.1	18
g4114.t1	tr|A0A835SUQ0|A0A835SUQ0_CHLIN	45.714	70	2139	2087	1.12e-12	69.7	18
g4114.t1	tr|A0A2K3DYX1|A0A2K3DYX1_CHLRE	34.343	99	2139	5140	7.70e-14	73.9	4
g4114.t1	tr|A0A835XJL6|A0A835XJL6_9CHLO	40.566	106	2139	3479	8.83e-14	73.6	9
g4114.t1	tr|A0A835XJL6|A0A835XJL6_9CHLO	39.167	120	2139	3479	2.84e-13	72.0	9
g4114.t1	tr|A0A2K3DLN4|A0A2K3DLN4_CHLRE	35.294	102	2139	4704	3.63e-12	68.2	4
g4114.t1	tr|A0A835XG35|A0A835XG35_9CHLO	41.748	103	2139	1559	1.98e-11	65.9	5
g4182.t1	tr|A0A150GA74|A0A150GA74_GONPE	87.420	1097	1095	1098	0.0	1917	99
g4215.t1	tr|A0A835T9S6|A0A835T9S6_CHLIN	45.909	220	270	1856	4.42e-53	181	81
g4215.t1	tr|A0A835T0V6|A0A835T0V6_9CHLO	48.000	225	270	2002	1.06e-52	180	81
g4215.t1	tr|A0A2K3CW68|A0A2K3CW68_CHLRE	45.740	223	270	2764	5.60e-49	170	81
g4215.t1	tr|A0A150GRG7|A0A150GRG7_GONPE	46.364	220	270	438	2.05e-46	157	81
g4215.t1	tr|A0A835Y443|A0A835Y443_9CHLO	36.897	290	270	1354	2.84e-43	153	99
g4215.t1	tr|A0A835YBW2|A0A835YBW2_9CHLO	46.847	111	270	2287	4.70e-24	97.8	64
g4215.t1	tr|A0A835YBW2|A0A835YBW2_9CHLO	45.455	66	270	2287	8.85e-15	70.5	64
g4442.t1	tr|D8U434|D8U434_VOLCA	53.659	123	584	1027	1.25e-31	127	31
g4442.t1	tr|D8U434|D8U434_VOLCA	30.973	226	584	1027	1.19e-17	83.2	31
g4445.t1	tr|A0A836B758|A0A836B758_9CHLO	95.833	216	217	282	9.00e-159	437	99
g4670.t1	tr|D8U0G9|D8U0G9_VOLCA	54.438	169	816	2492	3.13e-52	194	20
g4670.t1	tr|A0A835T6C7|A0A835T6C7_CHLIN	39.286	196	816	3726	2.29e-31	129	23
g468.t1	tr|A0A2K3CW68|A0A2K3CW68_CHLRE	46.766	201	206	2764	4.44e-48	164	97
g468.t1	tr|A0A835T0V6|A0A835T0V6_9CHLO	47.761	201	206	2002	2.32e-46	159	97
g468.t1	tr|A0A835T9S6|A0A835T9S6_CHLIN	44.554	202	206	1856	1.79e-43	151	98
g468.t1	tr|A0A150GRG7|A0A150GRG7_GONPE	44.335	203	206	438	3.56e-40	138	98
g468.t1	tr|A0A835Y443|A0A835Y443_9CHLO	37.745	204	206	1354	4.57e-34	124	98
g468.t1	tr|A0A835YBW2|A0A835YBW2_9CHLO	35.393	178	206	2287	4.19e-29	110	86
g4765.t1	tr|A0A835SUQ0|A0A835SUQ0_CHLIN	58.879	107	2587	2087	2.66e-35	144	4
g4765.t1	tr|A0A835YBW2|A0A835YBW2_9CHLO	41.333	150	2587	2287	4.15e-29	124	5
g4765.t1	tr|A0A835XG35|A0A835XG35_9CHLO	60.000	115	2587	1559	1.42e-28	122	17
g4765.t1	tr|A0A835XG35|A0A835XG35_9CHLO	28.165	316	2587	1559	8.35e-15	77.0	17
g4765.t1	tr|A0A835T9S6|A0A835T9S6_CHLIN	41.250	160	2587	1856	7.43e-28	120	5
g4765.t1	tr|A0A2K3CW68|A0A2K3CW68_CHLRE	39.881	168	2587	2764	1.25e-27	119	5
g4765.t1	tr|A0A835T0V6|A0A835T0V6_9CHLO	43.312	157	2587	2002	1.43e-27	119	4
g4765.t1	tr|A0A835XJL6|A0A835XJL6_9CHLO	55.789	95	2587	3479	4.90e-27	117	4
g4765.t1	tr|A0A150GRG7|A0A150GRG7_GONPE	39.873	158	2587	438	3.76e-25	107	4
g4765.t1	tr|A0A836C725|A0A836C725_9CHLO	51.429	105	2587	1448	7.99e-25	110	4
g4765.t1	tr|A0A2K3DLN4|A0A2K3DLN4_CHLRE	49.515	103	2587	4704	8.19e-25	110	4
g479.t1	tr|A0A835SGR3|A0A835SGR3_CHLIN	27.174	460	512	533	1.46e-25	106	86
g4791.t1	tr|A0A2J7ZZC2|A0A2J7ZZC2_9CHLO	44.253	174	550	2436	7.76e-39	149	33
g4791.t1	tr|A0A2J7ZZC2|A0A2J7ZZC2_9CHLO	33.526	173	550	2436	6.07e-17	80.9	33
g4791.t1	tr|A0A2J7ZZC2|A0A2J7ZZC2_9CHLO	24.859	177	550	2436	6.47e-12	64.7	33
g4805.t1	tr|A0A835TCJ4|A0A835TCJ4_CHLIN	24.558	452	476	3127	1.73e-33	131	91
g4902.t1	tr|D8U306|D8U306_VOLCA	34.959	123	158	333	2.74e-17	73.6	77
g4974.t1	tr|A0A835SB24|A0A835SB24_CHLIN	92.032	251	251	282	4.81e-174	477	100
g4997.t1	tr|A0A345K516|A0A345K516_9CHLO	30.025	393	463	419	2.19e-36	135	82
g501.t1	tr|A0A250XI57|A0A250XI57_9CHLO	39.714	350	628	629	3.39e-75	249	51
g5012.t1	tr|A0A835T0V6|A0A835T0V6_9CHLO	38.783	263	1760	2002	8.86e-44	171	13
g5012.t1	tr|A0A2K3CW68|A0A2K3CW68_CHLRE	35.439	285	1760	2764	2.61e-41	163	14
g5012.t1	tr|A0A835T9S6|A0A835T9S6_CHLIN	35.294	255	1760	1856	3.24e-41	163	12
g5012.t1	tr|A0A150GRG7|A0A150GRG7_GONPE	46.154	156	1760	438	1.95e-38	146	8
g5012.t1	tr|A0A835Y443|A0A835Y443_9CHLO	32.456	228	1760	1354	1.15e-33	138	11
g5012.t1	tr|A0A835YBW2|A0A835YBW2_9CHLO	42.683	164	1760	2287	7.53e-33	135	9
g5251.t1	tr|A0A835SUQ0|A0A835SUQ0_CHLIN	46.226	106	1222	2087	1.42e-21	98.2	9
g5251.t1	tr|A0A835XJL6|A0A835XJL6_9CHLO	37.179	156	1222	3479	1.17e-20	95.1	35
g5251.t1	tr|A0A835XJL6|A0A835XJL6_9CHLO	25.767	326	1222	3479	1.42e-19	91.7	35
g5251.t1	tr|A0A835SQ00|A0A835SQ00_CHLIN	46.000	100	1222	2810	2.94e-19	90.5	8
g5251.t1	tr|A0A835WJB2|A0A835WJB2_9CHLO	41.525	118	1222	4342	3.99e-18	87.0	9
g5251.t1	tr|A0A835XG35|A0A835XG35_9CHLO	49.074	108	1222	1559	2.40e-15	77.4	9
g5251.t1	tr|A0A2K3DYX1|A0A2K3DYX1_CHLRE	38.000	100	1222	5140	4.37e-15	77.0	8
g5251.t1	tr|A0A2K3DLN4|A0A2K3DLN4_CHLRE	42.000	100	1222	4704	4.38e-15	77.0	8
g5251.t1	tr|A0A250X2V0|A0A250X2V0_9CHLO	41.573	89	1222	1327	5.48e-13	69.7	7
g5368.t1	tr|A0A250XI57|A0A250XI57_9CHLO	40.341	352	902	629	1.45e-78	264	36
g5608.t1	tr|A0A836B808|A0A836B808_9CHLO	92.287	1452	1469	1523	0.0	2619	99
g5632.t1	tr|A0A2J8AD36|A0A2J8AD36_9CHLO	80.000	265	260	857	1.15e-145	425	100
g5710.t1	tr|A0A836C2C7|A0A836C2C7_9CHLO	44.146	410	462	494	7.21e-111	333	85
g5751.t1	tr|A0A2K3CW68|A0A2K3CW68_CHLRE	37.658	316	1776	2764	7.46e-50	191	16
g5751.t1	tr|A0A835T0V6|A0A835T0V6_9CHLO	38.511	309	1776	2002	2.79e-48	186	17
g5751.t1	tr|A0A835T9S6|A0A835T9S6_CHLIN	43.500	200	1776	1856	2.18e-42	167	11
g5751.t1	tr|A0A835Y443|A0A835Y443_9CHLO	34.538	249	1776	1354	4.77e-40	159	13
g5751.t1	tr|A0A150GRG7|A0A150GRG7_GONPE	41.837	196	1776	438	3.17e-38	145	10
g5751.t1	tr|A0A835YBW2|A0A835YBW2_9CHLO	38.919	185	1776	2287	1.20e-34	141	10
g5786.t1	tr|A0A6A0ADH7|A0A6A0ADH7_HAELA	35.514	107	202	120	1.34e-13	61.2	52
g5863.t1	tr|A0A835YDE0|A0A835YDE0_9CHLO	28.028	289	398	1600	8.26e-16	75.9	68
g5863.t1	tr|A0A699Z6K2|A0A699Z6K2_HAELA	24.167	360	398	611	3.90e-15	73.2	87
g5885.t1	tr|A0A150H2W0|A0A150H2W0_GONPE	26.633	199	307	366	4.12e-16	74.3	59
g59.t1	tr|A0A2K3DYX1|A0A2K3DYX1_CHLRE	98.319	833	2930	5140	0.0	1494	99
g59.t1	tr|A0A2K3DYX1|A0A2K3DYX1_CHLRE	98.746	638	2930	5140	0.0	1082	99
g59.t1	tr|A0A2K3DYX1|A0A2K3DYX1_CHLRE	100.000	569	2930	5140	0.0	1063	99
g59.t1	tr|A0A2K3DYX1|A0A2K3DYX1_CHLRE	100.000	536	2930	5140	0.0	871	99
g59.t1	tr|A0A2K3DYX1|A0A2K3DYX1_CHLRE	92.032	251	2930	5140	1.88e-101	363	99
g59.t1	tr|A0A2K3DYX1|A0A2K3DYX1_CHLRE	60.282	355	2930	5140	1.03e-75	278	99
g59.t1	tr|A0A2K3DYX1|A0A2K3DYX1_CHLRE	24.571	175	2930	5140	3.36e-14	75.5	99
g59.t1	tr|A0A2K3DYX1|A0A2K3DYX1_CHLRE	25.143	175	2930	5140	1.35e-13	73.6	99
g59.t1	tr|A0A836C725|A0A836C725_9CHLO	48.810	84	2930	1448	8.30e-17	84.0	3
g59.t1	tr|A0A250X2V0|A0A250X2V0_9CHLO	28.261	230	2930	1327	8.61e-17	84.0	12
g59.t1	tr|A0A250X2V0|A0A250X2V0_9CHLO	32.800	125	2930	1327	3.86e-13	71.6	12
g59.t1	tr|A0A835SQ00|A0A835SQ00_CHLIN	41.860	86	2930	2810	2.38e-16	82.4	3
g59.t1	tr|A0A2K3DLN4|A0A2K3DLN4_CHLRE	39.535	86	2930	4704	4.08e-15	78.6	3
g59.t1	tr|A0A835XJL6|A0A835XJL6_9CHLO	37.931	87	2930	3479	1.44e-14	76.6	3
g59.t1	tr|A0A835SUQ0|A0A835SUQ0_CHLIN	41.176	85	2930	2087	2.17e-13	72.8	3
g59.t1	tr|A0A835WJB2|A0A835WJB2_9CHLO	39.362	94	2930	4342	1.37e-11	67.0	3
g5950.t1	tr|A0A150GRG7|A0A150GRG7_GONPE	50.667	150	426	438	1.19e-37	138	32
g5950.t1	tr|A0A2K3CW68|A0A2K3CW68_CHLRE	37.615	218	426	2764	4.14e-35	134	43
g5950.t1	tr|A0A835T9S6|A0A835T9S6_CHLIN	44.371	151	426	1856	2.96e-33	129	33
g5950.t1	tr|A0A835T0V6|A0A835T0V6_9CHLO	37.755	196	426	2002	1.18e-31	124	38
g5950.t1	tr|A0A835Y443|A0A835Y443_9CHLO	35.754	179	426	1354	3.18e-31	123	37
g5950.t1	tr|A0A835YBW2|A0A835YBW2_9CHLO	45.255	137	426	2287	1.99e-29	117	32
g5953.t1	tr|A0A150GRG7|A0A150GRG7_GONPE	48.205	195	632	438	2.46e-41	152	29
g5953.t1	tr|A0A2K3CW68|A0A2K3CW68_CHLRE	41.262	206	632	2764	9.66e-40	153	31
g5953.t1	tr|A0A835T0V6|A0A835T0V6_9CHLO	38.340	253	632	2002	1.40e-39	152	34
g5953.t1	tr|A0A835T9S6|A0A835T9S6_CHLIN	42.439	205	632	1856	9.52e-39	150	30
g5953.t1	tr|A0A835Y443|A0A835Y443_9CHLO	35.526	228	632	1354	1.67e-34	136	32
g5953.t1	tr|A0A835YBW2|A0A835YBW2_9CHLO	42.473	186	632	2287	1.82e-34	137	29
g5955.t1	tr|A0A345K516|A0A345K516_9CHLO	28.043	460	901	419	1.52e-30	121	48
g5969.t1	tr|A0A835T9S6|A0A835T9S6_CHLIN	54.513	277	1728	1856	2.19e-87	313	16
g5969.t1	tr|A0A835T0V6|A0A835T0V6_9CHLO	52.685	298	1728	2002	1.56e-83	301	17
g5969.t1	tr|A0A2K3CW68|A0A2K3CW68_CHLRE	48.837	301	1728	2764	3.22e-79	287	17
g5969.t1	tr|A0A150GRG7|A0A150GRG7_GONPE	63.107	206	1728	438	3.16e-78	263	12
g5969.t1	tr|A0A835Y443|A0A835Y443_9CHLO	43.972	282	1728	1354	6.74e-71	258	16
g5969.t1	tr|A0A835YBW2|A0A835YBW2_9CHLO	47.396	192	1728	2287	2.29e-47	183	11
g6086.t1	tr|A0A835SUQ0|A0A835SUQ0_CHLIN	52.349	298	987	2087	4.22e-76	270	38
g6086.t1	tr|A0A835SUQ0|A0A835SUQ0_CHLIN	70.513	78	987	2087	3.18e-28	119	38
g6086.t1	tr|A0A835XG35|A0A835XG35_9CHLO	35.088	342	987	1559	1.21e-35	143	41
g6086.t1	tr|A0A835XG35|A0A835XG35_9CHLO	42.727	110	987	1559	7.27e-16	79.0	41
g6086.t1	tr|A0A835XJL6|A0A835XJL6_9CHLO	38.636	132	987	3479	3.37e-12	67.0	13
g6136.t1	tr|D8UGL3|D8UGL3_VOLCA	42.958	284	555	582	1.21e-41	154	50
g621.t1	tr|A0A835YDE0|A0A835YDE0_9CHLO	26.149	348	1143	1600	8.99e-18	85.5	27
g6259.t1	tr|A0A835WNS5|A0A835WNS5_9CHLO	28.525	305	889	446	1.58e-13	69.7	32
g6326.t1	tr|A0A835TM70|A0A835TM70_9CHLO	73.157	1058	2215	2375	0.0	1337	46
g6326.t1	tr|A0A836C3S8|A0A836C3S8_9CHLO	27.768	1192	2215	2752	1.05e-135	472	62
g6326.t1	tr|A0A836C3S8|A0A836C3S8_9CHLO	22.957	257	2215	2752	6.94e-20	93.6	62
g6326.t1	tr|A0A835T7X8|A0A835T7X8_CHLIN	30.349	860	2215	3209	9.44e-110	389	48
g6326.t1	tr|A0A835T7X8|A0A835T7X8_CHLIN	21.071	280	2215	3209	7.40e-14	73.9	48
g6326.t1	tr|A0A2K3DBN2|A0A2K3DBN2_CHLRE	30.105	857	2215	3135	5.49e-107	380	35
g6326.t1	tr|A0A835SW77|A0A835SW77_CHLIN	29.186	651	2215	3217	9.92e-78	284	47
g6326.t1	tr|A0A835SW77|A0A835SW77_CHLIN	24.759	311	2215	3217	2.94e-18	88.6	47
g6326.t1	tr|A0A835SW77|A0A835SW77_CHLIN	24.157	178	2215	3217	6.53e-11	64.3	47
g6326.t1	tr|A0A835SV97|A0A835SV97_CHLIN	25.915	710	2215	3386	1.89e-66	247	30
g6326.t1	tr|A0A150GB40|A0A150GB40_GONPE	26.719	640	2215	1691	3.88e-65	241	42
g6326.t1	tr|A0A150GB40|A0A150GB40_GONPE	21.959	296	2215	1691	2.92e-20	94.7	42
g6406.t1	tr|A0A836C725|A0A836C725_9CHLO	60.952	105	1684	1448	4.34e-33	136	14
g6406.t1	tr|A0A836C725|A0A836C725_9CHLO	38.235	136	1684	1448	9.93e-18	85.9	14
g6406.t1	tr|A0A835SUQ0|A0A835SUQ0_CHLIN	56.863	102	1684	2087	3.52e-30	127	10
g6406.t1	tr|A0A835SUQ0|A0A835SUQ0_CHLIN	53.846	65	1684	2087	1.93e-11	65.5	10
g6406.t1	tr|A0A2K3DLN4|A0A2K3DLN4_CHLRE	45.390	141	1684	4704	2.12e-28	121	8
g6406.t1	tr|A0A835SQ00|A0A835SQ00_CHLIN	49.550	111	1684	2810	3.35e-26	114	7
g6406.t1	tr|A0A835WJB2|A0A835WJB2_9CHLO	51.376	109	1684	4342	6.19e-25	110	6
g6406.t1	tr|A0A835XJL6|A0A835XJL6_9CHLO	51.000	100	1684	3479	2.70e-24	107	6
g6406.t1	tr|A0A835XG35|A0A835XG35_9CHLO	58.333	108	1684	1559	5.20e-24	106	6
g6406.t1	tr|A0A2K3DYX1|A0A2K3DYX1_CHLRE	44.800	125	1684	5140	5.48e-23	103	7
g6445.t1	tr|A0A835T9S6|A0A835T9S6_CHLIN	52.901	293	1772	1856	4.86e-84	302	16
g6445.t1	tr|A0A2K3CW68|A0A2K3CW68_CHLRE	52.055	292	1772	2764	2.13e-79	288	16
g6445.t1	tr|A0A835T0V6|A0A835T0V6_9CHLO	50.000	310	1772	2002	4.72e-74	270	17
g6445.t1	tr|A0A150GRG7|A0A150GRG7_GONPE	59.890	182	1772	438	3.87e-64	222	10
g6445.t1	tr|A0A835Y443|A0A835Y443_9CHLO	38.699	292	1772	1354	9.82e-58	216	16
g6445.t1	tr|A0A835YBW2|A0A835YBW2_9CHLO	44.860	214	1772	2287	3.58e-43	169	12
g6452.t1	tr|A0A835W0U1|A0A835W0U1_CHLIN	36.686	169	185	6895	7.72e-17	73.9	74
g6482.t1	tr|A0A150G3T9|A0A150G3T9_GONPE	29.864	221	1125	1322	8.69e-15	75.5	16
g6597.t1	tr|A0A150GP53|A0A150GP53_GONPE	78.537	205	209	430	1.64e-104	304	98
g6636.t1	tr|A0A836C725|A0A836C725_9CHLO	32.064	499	859	1448	8.57e-50	187	87
g6636.t1	tr|A0A836C725|A0A836C725_9CHLO	28.070	285	859	1448	4.42e-21	95.5	87
g6636.t1	tr|A0A835SUQ0|A0A835SUQ0_CHLIN	49.107	112	859	2087	7.54e-23	101	13
g6636.t1	tr|A0A835XJL6|A0A835XJL6_9CHLO	46.923	130	859	3479	6.19e-21	95.1	15
g6636.t1	tr|A0A835SQ00|A0A835SQ00_CHLIN	51.190	84	859	2810	1.39e-19	90.9	10
g6636.t1	tr|A0A2K3DLN4|A0A2K3DLN4_CHLRE	52.564	78	859	4704	4.81e-19	89.0	9
g6636.t1	tr|A0A835WJB2|A0A835WJB2_9CHLO	55.128	78	859	4342	6.37e-17	82.0	9
g6636.t1	tr|A0A835XG35|A0A835XG35_9CHLO	55.696	79	859	1559	7.29e-16	78.6	9
g6636.t1	tr|A0A2K3DYX1|A0A2K3DYX1_CHLRE	42.308	78	859	5140	2.44e-15	77.0	9
g6756.t1	tr|D8U306|D8U306_VOLCA	27.778	252	288	333	2.73e-22	90.9	85
g678.t1	tr|A0A835YBW2|A0A835YBW2_9CHLO	48.000	175	832	2287	8.94e-43	165	21
g678.t1	tr|A0A150GRG7|A0A150GRG7_GONPE	49.198	187	832	438	3.84e-42	156	21
g678.t1	tr|A0A2K3CW68|A0A2K3CW68_CHLRE	41.262	206	832	2764	7.38e-41	159	23
g678.t1	tr|A0A835T0V6|A0A835T0V6_9CHLO	38.934	244	832	2002	2.57e-40	157	25
g678.t1	tr|A0A835T9S6|A0A835T9S6_CHLIN	45.833	192	832	1856	1.53e-39	154	21
g678.t1	tr|A0A835Y443|A0A835Y443_9CHLO	32.270	282	832	1354	5.66e-36	143	30
g6794.t1	tr|A0A835Y443|A0A835Y443_9CHLO	50.000	64	467	1354	6.28e-13	67.4	14
g6844.t1	tr|A0A835T9S6|A0A835T9S6_CHLIN	57.762	277	354	1856	5.84e-100	320	77
g6844.t1	tr|A0A2K3CW68|A0A2K3CW68_CHLRE	54.035	285	354	2764	4.28e-88	286	77
g6844.t1	tr|A0A835T0V6|A0A835T0V6_9CHLO	47.748	333	354	2002	1.41e-87	284	92
g6844.t1	tr|A0A150GRG7|A0A150GRG7_GONPE	67.179	195	354	438	2.33e-86	264	55
g6844.t1	tr|A0A835Y443|A0A835Y443_9CHLO	45.725	269	354	1354	5.43e-76	251	75
g6844.t1	tr|A0A835YBW2|A0A835YBW2_9CHLO	44.792	192	354	2287	5.18e-48	170	53
g6853.t1	tr|J7MB60|J7MB60_9CHLO	80.889	450	496	483	0.0	767	91
g6936.t1	tr|A0A835T9S6|A0A835T9S6_CHLIN	42.073	164	940	1856	1.63e-32	132	12
g6936.t1	tr|A0A2K3CW68|A0A2K3CW68_CHLRE	39.877	163	940	2764	7.37e-31	127	12
g6936.t1	tr|A0A835T0V6|A0A835T0V6_9CHLO	41.477	176	940	2002	1.42e-30	126	13
g6936.t1	tr|A0A835Y443|A0A835Y443_9CHLO	33.951	162	940	1354	1.04e-22	100	13
g6936.t1	tr|A0A150GRG7|A0A150GRG7_GONPE	56.790	81	940	438	1.96e-22	97.4	9
g6936.t1	tr|A0A835YBW2|A0A835YBW2_9CHLO	49.020	51	940	2287	1.72e-11	64.7	5
g6941.t1	tr|A0A835YD45|A0A835YD45_9CHLO	29.620	395	1374	4780	7.28e-37	148	41
g6941.t1	tr|A0A835YD45|A0A835YD45_9CHLO	31.515	165	1374	4780	3.31e-22	100	41
g6941.t1	tr|A0A835YD45|A0A835YD45_9CHLO	25.134	374	1374	4780	1.77e-19	91.7	41
g6941.t1	tr|A0A835YD45|A0A835YD45_9CHLO	24.931	361	1374	4780	2.69e-19	90.9	41
g6950.t1	tr|A0A835XZD2|A0A835XZD2_9CHLO	28.022	182	439	695	2.97e-19	86.7	41
g704.t1	tr|A0A835SUQ0|A0A835SUQ0_CHLIN	52.536	276	1835	2087	1.25e-61	230	48
g704.t1	tr|A0A835SUQ0|A0A835SUQ0_CHLIN	50.000	184	1835	2087	1.71e-37	151	48
g704.t1	tr|A0A835SUQ0|A0A835SUQ0_CHLIN	32.563	476	1835	2087	9.56e-34	139	48
g704.t1	tr|A0A835XG35|A0A835XG35_9CHLO	47.756	312	1835	1559	3.15e-58	218	38
g704.t1	tr|A0A835XG35|A0A835XG35_9CHLO	40.717	307	1835	1559	1.49e-42	167	38
g704.t1	tr|A0A835XG35|A0A835XG35_9CHLO	64.103	117	1835	1559	6.58e-30	126	38
g704.t1	tr|A0A836C725|A0A836C725_9CHLO	50.877	114	1835	1448	2.18e-28	120	21
g704.t1	tr|A0A836C725|A0A836C725_9CHLO	34.926	272	1835	1448	4.39e-24	107	21
g704.t1	tr|A0A835XJL6|A0A835XJL6_9CHLO	54.737	95	1835	3479	1.01e-23	106	5
g704.t1	tr|A0A835SQ00|A0A835SQ00_CHLIN	35.751	193	1835	2810	2.96e-23	104	10
g704.t1	tr|A0A835WJB2|A0A835WJB2_9CHLO	51.818	110	1835	4342	3.19e-22	101	6
g704.t1	tr|A0A2K3DLN4|A0A2K3DLN4_CHLRE	48.515	101	1835	4704	3.19e-22	101	15
g704.t1	tr|A0A2K3DLN4|A0A2K3DLN4_CHLRE	33.871	186	1835	4704	2.00e-12	68.9	15
g704.t1	tr|A0A2K3DYX1|A0A2K3DYX1_CHLRE	32.886	149	1835	5140	1.68e-14	75.9	7
g7183.t1	tr|A0A835T9S6|A0A835T9S6_CHLIN	70.588	867	1420	1856	0.0	883	99
g7183.t1	tr|A0A835T9S6|A0A835T9S6_CHLIN	73.301	618	1420	1856	0.0	769	99
g7183.t1	tr|A0A2K3CW68|A0A2K3CW68_CHLRE	56.314	293	1420	2764	1.68e-95	337	20
g7183.t1	tr|A0A835T0V6|A0A835T0V6_9CHLO	55.254	295	1420	2002	4.19e-93	329	20
g7183.t1	tr|A0A835Y443|A0A835Y443_9CHLO	48.039	306	1420	1354	3.46e-88	311	21
g7183.t1	tr|A0A150GRG7|A0A150GRG7_GONPE	66.337	202	1420	438	3.27e-82	273	14
g7183.t1	tr|A0A835YBW2|A0A835YBW2_9CHLO	40.991	222	1420	2287	7.51e-43	168	15
g7193.t1	tr|A0A835TCJ4|A0A835TCJ4_CHLIN	29.560	159	642	3127	1.77e-15	76.6	23
g7237.t1	tr|A0A835YD45|A0A835YD45_9CHLO	25.766	555	1230	4780	1.70e-38	153	84
g7237.t1	tr|A0A835YD45|A0A835YD45_9CHLO	27.294	436	1230	4780	3.16e-35	143	84
g7237.t1	tr|A0A835YD45|A0A835YD45_9CHLO	27.448	572	1230	4780	3.93e-35	142	84
g7237.t1	tr|A0A835YD45|A0A835YD45_9CHLO	26.357	387	1230	4780	1.59e-21	98.2	84
g7237.t1	tr|A0A835YD45|A0A835YD45_9CHLO	37.594	133	1230	4780	8.92e-16	79.3	84
g7237.t1	tr|A0A835YD45|A0A835YD45_9CHLO	31.343	201	1230	4780	3.57e-14	73.9	84
g7237.t1	tr|A0A835YD45|A0A835YD45_9CHLO	41.772	79	1230	4780	3.11e-13	70.9	84
g7238.t1	tr|A0A835YD45|A0A835YD45_9CHLO	29.921	254	265	4780	1.83e-26	104	91
g7288.t1	tr|A0A835YD45|A0A835YD45_9CHLO	29.333	675	2701	4780	1.82e-76	281	50
g7288.t1	tr|A0A835YD45|A0A835YD45_9CHLO	22.005	768	2701	4780	9.33e-39	156	50
g7288.t1	tr|A0A835YD45|A0A835YD45_9CHLO	28.774	424	2701	4780	8.25e-36	146	50
g7288.t1	tr|A0A835YD45|A0A835YD45_9CHLO	29.762	168	2701	4780	4.72e-20	94.7	50
g7288.t1	tr|A0A835YD45|A0A835YD45_9CHLO	31.579	190	2701	4780	8.37e-19	90.5	50
g7288.t1	tr|A0A835YD45|A0A835YD45_9CHLO	28.736	174	2701	4780	8.82e-15	77.4	50
g7288.t1	tr|A0A835YD45|A0A835YD45_9CHLO	35.185	108	2701	4780	6.20e-12	67.8	50
g7288.t1	tr|A0A835YD45|A0A835YD45_9CHLO	30.345	145	2701	4780	1.51e-11	66.6	50
g7288.t1	tr|A0A835YD45|A0A835YD45_9CHLO	29.070	172	2701	4780	6.53e-11	64.7	50
g7300.t1	tr|D8U306|D8U306_VOLCA	29.412	204	336	333	4.99e-14	68.2	59
g7352.t1	tr|D8TM90|D8TM90_VOLCA	56.287	334	337	336	2.58e-106	311	90
g7463.t1	tr|D8U306|D8U306_VOLCA	42.258	310	318	333	1.37e-83	252	97
g7558.t1	tr|A0A2J7ZZC2|A0A2J7ZZC2_9CHLO	33.019	212	264	2436	5.31e-38	138	74
g7625.t1	tr|A0A250XB56|A0A250XB56_9CHLO	52.174	138	134	182	9.72e-50	153	99
g7639.t1	tr|A0A2K3CW68|A0A2K3CW68_CHLRE	99.284	419	740	2764	0.0	645	94
g7639.t1	tr|A0A2K3CW68|A0A2K3CW68_CHLRE	99.531	213	740	2764	3.22e-112	371	94
g7639.t1	tr|A0A2K3CW68|A0A2K3CW68_CHLRE	98.529	68	740	2764	8.58e-26	110	94
g7639.t1	tr|A0A835T0V6|A0A835T0V6_9CHLO	68.293	123	740	2002	3.22e-46	174	16
g7639.t1	tr|A0A835T9S6|A0A835T9S6_CHLIN	44.882	127	740	1856	4.06e-25	108	16
g7639.t1	tr|A0A835Y443|A0A835Y443_9CHLO	36.134	119	740	1354	1.90e-18	86.7	24
g7639.t1	tr|A0A835Y443|A0A835Y443_9CHLO	53.226	62	740	1354	3.93e-15	75.9	24
g7641.t1	tr|A0A835SUQ0|A0A835SUQ0_CHLIN	32.707	266	771	2087	1.83e-18	86.7	44
g7641.t1	tr|A0A835SUQ0|A0A835SUQ0_CHLIN	45.556	90	771	2087	3.03e-16	79.7	44
g7641.t1	tr|A0A836C725|A0A836C725_9CHLO	50.000	82	771	1448	9.01e-18	84.3	38
g7641.t1	tr|A0A836C725|A0A836C725_9CHLO	28.972	214	771	1448	8.29e-15	74.7	38
g7641.t1	tr|A0A835XJL6|A0A835XJL6_9CHLO	46.000	100	771	3479	2.52e-17	83.2	25
g7641.t1	tr|A0A835XJL6|A0A835XJL6_9CHLO	43.299	97	771	3479	1.33e-13	71.2	25
g7641.t1	tr|A0A835SQ00|A0A835SQ00_CHLIN	44.828	87	771	2810	3.46e-16	79.3	11
g7641.t1	tr|A0A2K3DYX1|A0A2K3DYX1_CHLRE	46.429	84	771	5140	6.87e-16	78.6	11
g7641.t1	tr|A0A2K3DLN4|A0A2K3DLN4_CHLRE	42.697	89	771	4704	1.53e-15	77.4	11
g7641.t1	tr|A0A835XG35|A0A835XG35_9CHLO	34.101	217	771	1559	2.94e-13	69.7	39
g7641.t1	tr|A0A835XG35|A0A835XG35_9CHLO	45.556	90	771	1559	5.64e-12	65.5	39
g7641.t1	tr|A0A250X2V0|A0A250X2V0_9CHLO	46.429	84	771	1327	5.89e-13	68.9	11
g7641.t1	tr|A0A835WJB2|A0A835WJB2_9CHLO	41.860	86	771	4342	1.41e-11	64.3	11
g7693.t1	tr|A0A150GRG7|A0A150GRG7_GONPE	82.635	167	418	438	1.53e-94	287	40
g7693.t1	tr|A0A835T9S6|A0A835T9S6_CHLIN	65.341	176	418	1856	2.45e-78	260	42
g7693.t1	tr|A0A2K3CW68|A0A2K3CW68_CHLRE	63.473	167	418	2764	2.51e-71	240	39
g7693.t1	tr|A0A835T0V6|A0A835T0V6_9CHLO	63.095	168	418	2002	9.29e-70	235	39
g7693.t1	tr|A0A835Y443|A0A835Y443_9CHLO	53.571	168	418	1354	1.14e-58	203	40
g7693.t1	tr|A0A835YBW2|A0A835YBW2_9CHLO	46.667	165	418	2287	8.01e-41	151	39
g7763.t1	tr|A0A835SB24|A0A835SB24_CHLIN	35.398	113	175	282	9.74e-15	66.6	63
g7876.t1	tr|D8U306|D8U306_VOLCA	24.615	260	302	333	7.27e-14	67.4	85
g7909.t1	tr|A0A2J7ZQT3|A0A2J7ZQT3_9CHLO	62.605	238	2439	2786	2.42e-56	214	33
g7909.t1	tr|A0A2J7ZQT3|A0A2J7ZQT3_9CHLO	61.134	247	2439	2786	3.75e-56	213	33
g7909.t1	tr|A0A2J7ZQT3|A0A2J7ZQT3_9CHLO	55.844	231	2439	2786	8.51e-50	192	33
g7909.t1	tr|A0A2J7ZQT3|A0A2J7ZQT3_9CHLO	52.249	289	2439	2786	1.22e-47	185	33
g7909.t1	tr|A0A2J7ZQT3|A0A2J7ZQT3_9CHLO	57.647	170	2439	2786	2.09e-40	161	33
g7909.t1	tr|A0A2J7ZQT3|A0A2J7ZQT3_9CHLO	72.857	70	2439	2786	8.17e-16	80.5	33
g7909.t1	tr|A0A835YBW2|A0A835YBW2_9CHLO	43.939	132	2439	2287	3.06e-21	98.2	5
g7909.t1	tr|A0A835T0V6|A0A835T0V6_9CHLO	43.243	148	2439	2002	1.05e-19	93.2	5
g7909.t1	tr|A0A2K3CW68|A0A2K3CW68_CHLRE	42.177	147	2439	2764	1.60e-19	92.8	5
g7909.t1	tr|A0A150GRG7|A0A150GRG7_GONPE	44.295	149	2439	438	3.46e-19	89.4	5
g7909.t1	tr|A0A835Y443|A0A835Y443_9CHLO	36.806	144	2439	1354	2.68e-16	82.0	5
g8072.t1	tr|A0A2K3DLN4|A0A2K3DLN4_CHLRE	95.238	252	2120	4704	3.71e-133	464	25
g8072.t1	tr|A0A2K3DLN4|A0A2K3DLN4_CHLRE	73.288	292	2120	4704	1.57e-103	369	25
g8072.t1	tr|A0A835SQ00|A0A835SQ00_CHLIN	49.804	255	2120	2810	1.08e-53	204	30
g8072.t1	tr|A0A835SQ00|A0A835SQ00_CHLIN	50.521	192	2120	2810	9.96e-47	182	30
g8072.t1	tr|A0A835SQ00|A0A835SQ00_CHLIN	41.453	234	2120	2810	2.08e-28	121	30
g8072.t1	tr|A0A836C725|A0A836C725_9CHLO	32.474	388	2120	1448	1.08e-37	151	50
g8072.t1	tr|A0A836C725|A0A836C725_9CHLO	27.413	715	2120	1448	2.16e-29	124	50
g8072.t1	tr|A0A835XJL6|A0A835XJL6_9CHLO	41.237	97	2120	3479	8.47e-19	90.1	5
g8072.t1	tr|A0A835SUQ0|A0A835SUQ0_CHLIN	30.375	293	2120	2087	1.19e-18	89.7	12
g8072.t1	tr|A0A835WJB2|A0A835WJB2_9CHLO	41.538	130	2120	4342	1.35e-17	86.3	6
g8072.t1	tr|A0A835XG35|A0A835XG35_9CHLO	46.729	107	2120	1559	2.63e-16	81.6	17
g8072.t1	tr|A0A835XG35|A0A835XG35_9CHLO	29.393	313	2120	1559	2.70e-14	75.1	17
g8072.t1	tr|A0A2K3DYX1|A0A2K3DYX1_CHLRE	31.429	140	2120	5140	1.68e-15	79.3	16
g8072.t1	tr|A0A2K3DYX1|A0A2K3DYX1_CHLRE	29.148	223	2120	5140	2.94e-13	72.0	16
g8083.t1	tr|A0A150H2W0|A0A150H2W0_GONPE	30.189	265	285	366	1.51e-25	100	86
g8150.t1	tr|A0A835Y443|A0A835Y443_9CHLO	33.921	227	1181	1354	1.14e-27	117	15
g8150.t1	tr|A0A835T9S6|A0A835T9S6_CHLIN	31.636	275	1181	1856	1.52e-26	114	17
g8150.t1	tr|A0A2K3CW68|A0A2K3CW68_CHLRE	32.400	250	1181	2764	2.06e-26	114	16
g8150.t1	tr|A0A835YBW2|A0A835YBW2_9CHLO	42.000	150	1181	2287	6.69e-24	105	13
g8150.t1	tr|A0A835T0V6|A0A835T0V6_9CHLO	34.231	260	1181	2002	1.92e-23	103	16
g8150.t1	tr|A0A150GRG7|A0A150GRG7_GONPE	44.099	161	1181	438	4.31e-23	100	12
g8150.t1	tr|A0A2K3DZY1|A0A2K3DZY1_CHLRE	32.243	214	1181	1808	1.20e-17	85.1	17
g8196.t1	tr|A0A835TCJ4|A0A835TCJ4_CHLIN	24.208	442	773	3127	2.22e-13	70.5	54
g8206.t1	tr|A0A150GII8|A0A150GII8_GONPE	27.119	472	732	506	6.60e-11	61.2	60
g8241.t1	tr|A0A835YDE0|A0A835YDE0_9CHLO	27.654	405	1046	1600	6.50e-28	118	37
g8241.t1	tr|A0A699Z6K2|A0A699Z6K2_HAELA	24.537	432	1046	611	2.10e-22	99.0	38
g8334.t1	tr|A0A699Z940|A0A699Z940_HAELA	67.467	375	1034	385	0.0	561	36
g8339.t1	tr|A0A835WNS5|A0A835WNS5_9CHLO	90.135	446	445	446	0.0	783	100
g842.t1	tr|A0A6A0ADH7|A0A6A0ADH7_HAELA	64.167	120	275	120	3.79e-48	152	44
g8603.t1	tr|A0A835WDN6|A0A835WDN6_CHLIN	86.217	341	482	2163	0.0	562	65
g8623.t1	tr|A0A2J8AD36|A0A2J8AD36_9CHLO	43.333	150	763	857	1.23e-30	125	20
g8715.t1	tr|A0A836C3S8|A0A836C3S8_9CHLO	83.837	761	732	2752	0.0	1281	98
g8715.t1	tr|A0A835SW77|A0A835SW77_CHLIN	36.988	757	732	3217	4.50e-147	472	98
g8715.t1	tr|A0A835T7X8|A0A835T7X8_CHLIN	36.596	705	732	3209	5.49e-135	437	94
g8715.t1	tr|A0A2K3DBN2|A0A2K3DBN2_CHLRE	36.182	702	732	3135	7.19e-134	434	94
g8715.t1	tr|A0A835SV97|A0A835SV97_CHLIN	34.593	688	732	3386	3.72e-133	431	94
g8715.t1	tr|A0A835TM70|A0A835TM70_9CHLO	30.967	662	732	2375	3.72e-109	362	90
g8715.t1	tr|A0A150GB40|A0A150GB40_GONPE	38.441	372	732	1691	9.03e-65	230	51
g8771.t1	tr|A0A250X806|A0A250X806_9CHLO	95.219	251	256	293	1.71e-175	481	98
g8837.t1	tr|A0A2K3CSJ5|A0A2K3CSJ5_CHLRE	71.154	104	504	1484	2.18e-12	65.9	21
g8839.t1	tr|A0A835T9S6|A0A835T9S6_CHLIN	54.110	292	1317	1856	1.98e-90	319	20
g8839.t1	tr|A0A2K3CW68|A0A2K3CW68_CHLRE	48.822	297	1317	2764	2.41e-77	279	20
g8839.t1	tr|A0A835T0V6|A0A835T0V6_9CHLO	48.208	307	1317	2002	2.71e-77	278	21
g8839.t1	tr|A0A835Y443|A0A835Y443_9CHLO	39.274	303	1317	1354	1.05e-65	240	23
g8839.t1	tr|A0A150GRG7|A0A150GRG7_GONPE	53.535	198	1317	438	2.34e-57	201	13
g8839.t1	tr|A0A835YBW2|A0A835YBW2_9CHLO	40.606	165	1317	2287	1.75e-30	127	12
g8986.t1	tr|D8U0G9|D8U0G9_VOLCA	46.524	374	987	2492	1.00e-94	327	43
g8986.t1	tr|D8U0G9|D8U0G9_VOLCA	48.214	56	987	2492	1.22e-11	65.1	43
g8986.t1	tr|A0A835T6C7|A0A835T6C7_CHLIN	36.219	439	987	3726	2.35e-72	259	43
g8989.t1	tr|A0A2K3DYX1|A0A2K3DYX1_CHLRE	40.206	194	1549	5140	2.25e-35	144	13
g8989.t1	tr|A0A2K3DYX1|A0A2K3DYX1_CHLRE	31.633	196	1549	5140	8.31e-21	96.3	13
g8989.t1	tr|A0A2K3DLN4|A0A2K3DLN4_CHLRE	54.348	92	1549	4704	2.37e-22	101	6
g8989.t1	tr|A0A835SQ00|A0A835SQ00_CHLIN	51.648	91	1549	2810	2.01e-20	94.7	6
g8989.t1	tr|A0A836C725|A0A836C725_9CHLO	42.063	126	1549	1448	6.78e-19	89.7	8
g8989.t1	tr|A0A835SUQ0|A0A835SUQ0_CHLIN	50.000	102	1549	2087	4.35e-18	87.0	7
g8989.t1	tr|A0A835XJL6|A0A835XJL6_9CHLO	42.697	89	1549	3479	5.50e-14	73.6	6
g8989.t1	tr|A0A835WJB2|A0A835WJB2_9CHLO	45.045	111	1549	4342	1.01e-12	69.7	7
g8996.t1	tr|A0A835Y416|A0A835Y416_9CHLO	26.415	212	375	20967	1.33e-12	65.9	48
g9019.t1	tr|A0A835Y443|A0A835Y443_9CHLO	46.392	194	1292	1354	2.65e-49	188	22
g9019.t1	tr|A0A835Y443|A0A835Y443_9CHLO	59.794	97	1292	1354	1.19e-28	121	22
g9019.t1	tr|A0A2K3CW68|A0A2K3CW68_CHLRE	48.810	168	1292	2764	4.08e-44	172	21
g9019.t1	tr|A0A2K3CW68|A0A2K3CW68_CHLRE	56.522	115	1292	2764	2.33e-28	120	21
g9019.t1	tr|A0A835T9S6|A0A835T9S6_CHLIN	44.643	168	1292	1856	3.08e-43	169	20
g9019.t1	tr|A0A835T9S6|A0A835T9S6_CHLIN	55.340	103	1292	1856	7.37e-26	112	20
g9019.t1	tr|A0A835T0V6|A0A835T0V6_9CHLO	43.333	180	1292	2002	1.53e-42	166	21
g9019.t1	tr|A0A835T0V6|A0A835T0V6_9CHLO	57.522	113	1292	2002	1.92e-26	114	21
g9019.t1	tr|A0A150GRG7|A0A150GRG7_GONPE	57.732	97	1292	438	3.19e-26	109	14
g9019.t1	tr|A0A150GRG7|A0A150GRG7_GONPE	50.617	81	1292	438	1.75e-21	95.1	14
g9019.t1	tr|A0A835YBW2|A0A835YBW2_9CHLO	47.619	84	1292	2287	1.66e-16	81.6	12
g9019.t1	tr|A0A835YBW2|A0A835YBW2_9CHLO	41.558	77	1292	2287	5.89e-14	73.2	12
g9055.t1	tr|A0A835SB24|A0A835SB24_CHLIN	32.317	164	156	282	2.42e-17	73.2	97
g9078.t1	tr|A0A835T9S6|A0A835T9S6_CHLIN	56.506	269	1264	1856	1.06e-90	319	21
g9078.t1	tr|A0A835T0V6|A0A835T0V6_9CHLO	51.027	292	1264	2002	9.30e-82	292	22
g9078.t1	tr|A0A150GRG7|A0A150GRG7_GONPE	62.559	211	1264	438	1.31e-80	268	17
g9078.t1	tr|A0A2K3CW68|A0A2K3CW68_CHLRE	51.648	273	1264	2764	2.15e-79	285	21
g9078.t1	tr|A0A835Y443|A0A835Y443_9CHLO	44.737	266	1264	1354	4.11e-72	260	21
g9078.t1	tr|A0A835YBW2|A0A835YBW2_9CHLO	45.622	217	1264	2287	8.51e-49	187	17
g9089.t1	tr|A0A835T9S6|A0A835T9S6_CHLIN	36.424	302	1123	1856	4.18e-37	148	26
g9089.t1	tr|A0A835T0V6|A0A835T0V6_9CHLO	46.429	168	1123	2002	1.23e-33	137	14
g9089.t1	tr|A0A2K3CW68|A0A2K3CW68_CHLRE	37.811	201	1123	2764	2.65e-32	133	17
g9089.t1	tr|A0A150GRG7|A0A150GRG7_GONPE	43.017	179	1123	438	7.30e-31	123	15
g9089.t1	tr|A0A835Y443|A0A835Y443_9CHLO	41.477	176	1123	1354	3.19e-28	119	14
g9089.t1	tr|A0A835YBW2|A0A835YBW2_9CHLO	42.500	160	1123	2287	4.18e-28	119	14
g9089.t1	tr|A0A835YDE0|A0A835YDE0_9CHLO	24.468	376	1123	1600	3.95e-14	73.6	31
g9154.t1	tr|A0A835YDE0|A0A835YDE0_9CHLO	28.912	294	1460	1600	1.85e-20	94.7	19
g9187.t1	tr|A0A835TPX6|A0A835TPX6_CHLIN	38.462	299	348	354	3.81e-64	204	85
g9218.t1	tr|A0A2K3CW68|A0A2K3CW68_CHLRE	59.880	167	855	2764	6.78e-54	200	19
g9218.t1	tr|A0A835T0V6|A0A835T0V6_9CHLO	57.297	185	855	2002	5.63e-53	197	21
g9218.t1	tr|A0A835T9S6|A0A835T9S6_CHLIN	57.988	169	855	1856	4.28e-51	191	19
g9218.t1	tr|A0A150GRG7|A0A150GRG7_GONPE	54.140	157	855	438	1.98e-46	168	18
g9218.t1	tr|A0A835YBW2|A0A835YBW2_9CHLO	45.679	162	855	2287	5.39e-39	153	19
g9218.t1	tr|A0A835Y443|A0A835Y443_9CHLO	45.087	173	855	1354	9.60e-39	152	19
g9218.t1	tr|A0A250X4T6|A0A250X4T6_9CHLO	30.065	153	855	1132	2.68e-14	73.2	17
g9252.t1	tr|A0A150GRG7|A0A150GRG7_GONPE	63.006	173	193	438	8.62e-73	223	89
g9252.t1	tr|A0A835T9S6|A0A835T9S6_CHLIN	60.694	173	193	1856	9.51e-68	220	89
g9252.t1	tr|A0A835T0V6|A0A835T0V6_9CHLO	58.824	187	193	2002	6.30e-67	218	94
g9252.t1	tr|A0A2K3CW68|A0A2K3CW68_CHLRE	57.065	184	193	2764	2.85e-65	213	93
g9252.t1	tr|A0A835Y443|A0A835Y443_9CHLO	51.724	174	193	1354	4.37e-57	189	89
g9252.t1	tr|A0A835YBW2|A0A835YBW2_9CHLO	43.713	167	193	2287	3.77e-39	138	85
g9282.t1	tr|A0A2K3D4E1|A0A2K3D4E1_CHLRE	60.294	68	213	438	3.87e-19	81.3	32
g9285.t1	tr|A0A835XZD2|A0A835XZD2_9CHLO	88.430	242	306	695	1.49e-157	452	79
g9360.t1	tr|A0A835T0V6|A0A835T0V6_9CHLO	86.689	293	371	2002	7.05e-174	528	79
g9360.t1	tr|A0A2K3CW68|A0A2K3CW68_CHLRE	74.138	290	371	2764	6.20e-147	456	78
g9360.t1	tr|A0A835T9S6|A0A835T9S6_CHLIN	58.148	270	371	1856	2.42e-99	319	71
g9360.t1	tr|A0A150GRG7|A0A150GRG7_GONPE	64.000	200	371	438	1.73e-83	257	54
g9360.t1	tr|A0A835Y443|A0A835Y443_9CHLO	44.195	267	371	1354	2.64e-72	241	72
g9360.t1	tr|A0A835YBW2|A0A835YBW2_9CHLO	45.596	193	371	2287	4.57e-48	171	52
g941.t1	tr|A0A835YBW2|A0A835YBW2_9CHLO	53.917	217	2376	2287	7.44e-65	241	9
g941.t1	tr|A0A150GRG7|A0A150GRG7_GONPE	43.265	245	2376	438	1.06e-47	174	10
g941.t1	tr|A0A835Y443|A0A835Y443_9CHLO	42.918	233	2376	1354	5.35e-46	179	9
g941.t1	tr|A0A835T9S6|A0A835T9S6_CHLIN	45.771	201	2376	1856	8.11e-46	179	8
g941.t1	tr|A0A835T0V6|A0A835T0V6_9CHLO	47.525	202	2376	2002	1.88e-45	177	8
g941.t1	tr|A0A2K3CW68|A0A2K3CW68_CHLRE	45.050	202	2376	2764	1.93e-44	174	8
g9472.t1	tr|A0A2J7ZZC2|A0A2J7ZZC2_9CHLO	34.500	200	233	2436	7.31e-16	72.8	81
g9524.t1	tr|A0A835YDE0|A0A835YDE0_9CHLO	27.647	340	1254	1600	7.49e-17	82.4	25
g9602.t1	tr|A0A150H1Z0|A0A150H1Z0_GONPE	30.120	166	1088	865	9.70e-11	62.0	15
g9615.t1	tr|A0A699Z940|A0A699Z940_HAELA	36.090	133	155	385	2.59e-20	82.0	83
g9652.t1	tr|A0A250XL59|A0A250XL59_9CHLO	52.564	78	1691	1242	1.00e-18	89.0	5
g9697.t1	tr|A0A150FXD3|A0A150FXD3_GONPE	67.758	794	756	769	0.0	1047	99
g9745.t1	tr|A0A835SP23|A0A835SP23_CHLIN	35.256	156	690	332	6.04e-16	75.9	48
g9745.t1	tr|A0A835SP23|A0A835SP23_CHLIN	26.966	178	690	332	3.15e-11	61.2	48
g9883.t1	tr|A0A2K3CW68|A0A2K3CW68_CHLRE	41.566	166	453	2764	1.40e-28	115	34
g9883.t1	tr|A0A150GRG7|A0A150GRG7_GONPE	45.752	153	453	438	8.36e-28	111	30
g9883.t1	tr|A0A835T9S6|A0A835T9S6_CHLIN	42.500	160	453	1856	1.51e-27	112	33
g9883.t1	tr|A0A835T0V6|A0A835T0V6_9CHLO	38.614	202	453	2002	6.20e-27	110	40
g9883.t1	tr|A0A835Y443|A0A835Y443_9CHLO	36.875	160	453	1354	2.75e-23	99.8	32
g9883.t1	tr|A0A835YBW2|A0A835YBW2_9CHLO	40.940	149	453	2287	9.65e-23	98.2	33
g9883.t1	tr|A0A835YDE0|A0A835YDE0_9CHLO	26.027	219	453	1600	2.23e-13	68.6	44
g9961.t1	tr|A0A835T9S6|A0A835T9S6_CHLIN	45.455	110	582	1856	2.81e-24	104	19
g9961.t1	tr|A0A2K3CW68|A0A2K3CW68_CHLRE	41.964	112	582	2764	4.29e-20	91.3	19
g9961.t1	tr|A0A835Y443|A0A835Y443_9CHLO	40.909	110	582	1354	6.29e-20	90.5	19
g9961.t1	tr|A0A835T0V6|A0A835T0V6_9CHLO	42.609	115	582	2002	8.41e-20	90.1	19
g9961.t1	tr|A0A835YBW2|A0A835YBW2_9CHLO	39.450	109	582	2287	8.41e-20	90.1	19
g9961.t1	tr|A0A150GRG7|A0A150GRG7_GONPE	48.235	85	582	438	4.52e-17	80.1	15
g9972.t1	tr|A0A835XZD2|A0A835XZD2_9CHLO	30.075	133	166	695	9.17e-12	58.5	80
